File Name,Clip Directory,Duration TC,Frame Rate,Audio Sample Rate,Audio Channels,Resolution,Codec,Start TC,End TC,Start Frame,End Frame,Frames,Bit Depth,Audio Bit Depth,Data Level,Audio Channels,Date Modified
Call_Me_By_Your_Name.mov,Y:\Films_converted,00:00:04:03,23.976,48000,2,1920 x 1080,Cineform HD,00:01:14:07,00:01:18:10,1783,1881,99,10,16,Auto,2,Fri Jul 20 23:08:27 2018
Call_Me_By_Your_Name.mov,Y:\Films_converted,00:00:03:22,23.976,48000,2,1920 x 1080,Cineform HD,00:01:18:10,00:01:22:08,1882,1975,94,10,16,Auto,2,Fri Jul 20 23:08:27 2018
Call_Me_By_Your_Name.mov,Y:\Films_converted,00:00:06:07,23.976,48000,2,1920 x 1080,Cineform HD,00:01:22:08,00:01:28:15,1976,2126,151,10,16,Auto,2,Fri Jul 20 23:08:27 2018
Call_Me_By_Your_Name.mov,Y:\Films_converted,00:00:06:00,23.976,48000,2,1920 x 1080,Cineform HD,00:01:28:15,00:01:34:15,2127,2270,144,10,16,Auto,2,Fri Jul 20 23:08:27 2018
Call_Me_By_Your_Name.mov,Y:\Films_converted,00:00:07:08,23.976,48000,2,1920 x 1080,Cineform HD,00:01:34:15,00:01:41:23,2271,2446,176,10,16,Auto,2,Fri Jul 20 23:08:27 2018
Call_Me_By_Your_Name.mov,Y:\Films_converted,00:00:04:04,23.976,48000,2,1920 x 1080,Cineform HD,00:01:41:23,00:01:46:03,2447,2546,100,10,16,Auto,2,Fri Jul 20 23:08:27 2018
Call_Me_By_Your_Name.mov,Y:\Films_converted,00:00:03:17,23.976,48000,2,1920 x 1080,Cineform HD,00:01:46:03,00:01:49:20,2547,2635,89,10,16,Auto,2,Fri Jul 20 23:08:27 2018
Call_Me_By_Your_Name.mov,Y:\Films_converted,00:00:03:08,23.976,48000,2,1920 x 1080,Cineform HD,00:01:49:20,00:01:53:04,2636,2715,80,10,16,Auto,2,Fri Jul 20 23:08:27 2018
Call_Me_By_Your_Name.mov,Y:\Films_converted,00:00:03:12,23.976,48000,2,1920 x 1080,Cineform HD,00:01:53:04,00:01:56:16,2716,2799,84,10,16,Auto,2,Fri Jul 20 23:08:27 2018
Call_Me_By_Your_Name.mov,Y:\Films_converted,00:00:03:16,23.976,48000,2,1920 x 1080,Cineform HD,00:01:56:16,00:02:00:08,2800,2887,88,10,16,Auto,2,Fri Jul 20 23:08:27 2018
Call_Me_By_Your_Name.mov,Y:\Films_converted,00:00:08:07,23.976,48000,2,1920 x 1080,Cineform HD,00:02:00:08,00:02:08:15,2888,3086,199,10,16,Auto,2,Fri Jul 20 23:08:27 2018
Call_Me_By_Your_Name.mov,Y:\Films_converted,00:00:06:06,23.976,48000,2,1920 x 1080,Cineform HD,00:02:08:15,00:02:14:21,3087,3236,150,10,16,Auto,2,Fri Jul 20 23:08:27 2018
Call_Me_By_Your_Name.mov,Y:\Films_converted,00:00:03:18,23.976,48000,2,1920 x 1080,Cineform HD,00:02:14:21,00:02:18:15,3237,3326,90,10,16,Auto,2,Fri Jul 20 23:08:27 2018
Call_Me_By_Your_Name.mov,Y:\Films_converted,00:00:03:04,23.976,48000,2,1920 x 1080,Cineform HD,00:02:18:15,00:02:21:19,3327,3402,76,10,16,Auto,2,Fri Jul 20 23:08:27 2018
Call_Me_By_Your_Name.mov,Y:\Films_converted,00:00:04:06,23.976,48000,2,1920 x 1080,Cineform HD,00:02:21:19,00:02:26:01,3403,3504,102,10,16,Auto,2,Fri Jul 20 23:08:27 2018
Call_Me_By_Your_Name.mov,Y:\Films_converted,00:00:11:22,23.976,48000,2,1920 x 1080,Cineform HD,00:02:26:01,00:02:37:23,3505,3790,286,10,16,Auto,2,Fri Jul 20 23:08:27 2018
Call_Me_By_Your_Name.mov,Y:\Films_converted,00:00:18:05,23.976,48000,2,1920 x 1080,Cineform HD,00:02:37:23,00:02:56:04,3791,4227,437,10,16,Auto,2,Fri Jul 20 23:08:27 2018
Call_Me_By_Your_Name.mov,Y:\Films_converted,00:00:04:10,23.976,48000,2,1920 x 1080,Cineform HD,00:02:56:04,00:03:00:14,4228,4333,106,10,16,Auto,2,Fri Jul 20 23:08:27 2018
Call_Me_By_Your_Name.mov,Y:\Films_converted,00:00:03:14,23.976,48000,2,1920 x 1080,Cineform HD,00:03:00:14,00:03:04:04,4334,4419,86,10,16,Auto,2,Fri Jul 20 23:08:27 2018
Call_Me_By_Your_Name.mov,Y:\Films_converted,00:00:04:23,23.976,48000,2,1920 x 1080,Cineform HD,00:03:04:04,00:03:09:03,4420,4538,119,10,16,Auto,2,Fri Jul 20 23:08:27 2018
Call_Me_By_Your_Name.mov,Y:\Films_converted,00:00:06:07,23.976,48000,2,1920 x 1080,Cineform HD,00:03:09:03,00:03:15:10,4539,4689,151,10,16,Auto,2,Fri Jul 20 23:08:27 2018
Call_Me_By_Your_Name.mov,Y:\Films_converted,00:00:10:12,23.976,48000,2,1920 x 1080,Cineform HD,00:03:15:10,00:03:25:22,4690,4941,252,10,16,Auto,2,Fri Jul 20 23:08:27 2018
Call_Me_By_Your_Name.mov,Y:\Films_converted,00:00:03:20,23.976,48000,2,1920 x 1080,Cineform HD,00:03:25:22,00:03:29:18,4942,5033,92,10,16,Auto,2,Fri Jul 20 23:08:27 2018
Call_Me_By_Your_Name.mov,Y:\Films_converted,00:00:04:18,23.976,48000,2,1920 x 1080,Cineform HD,00:03:29:18,00:03:34:12,5034,5147,114,10,16,Auto,2,Fri Jul 20 23:08:27 2018
Call_Me_By_Your_Name.mov,Y:\Films_converted,00:00:04:01,23.976,48000,2,1920 x 1080,Cineform HD,00:03:34:12,00:03:38:13,5148,5244,97,10,16,Auto,2,Fri Jul 20 23:08:27 2018
Call_Me_By_Your_Name.mov,Y:\Films_converted,00:00:05:19,23.976,48000,2,1920 x 1080,Cineform HD,00:03:38:13,00:03:44:08,5245,5383,139,10,16,Auto,2,Fri Jul 20 23:08:27 2018
Call_Me_By_Your_Name.mov,Y:\Films_converted,00:00:04:01,23.976,48000,2,1920 x 1080,Cineform HD,00:03:44:08,00:03:48:09,5384,5480,97,10,16,Auto,2,Fri Jul 20 23:08:27 2018
Call_Me_By_Your_Name.mov,Y:\Films_converted,00:00:34:17,23.976,48000,2,1920 x 1080,Cineform HD,00:03:48:09,00:04:23:02,5481,6313,833,10,16,Auto,2,Fri Jul 20 23:08:27 2018
Call_Me_By_Your_Name.mov,Y:\Films_converted,00:00:12:21,23.976,48000,2,1920 x 1080,Cineform HD,00:04:23:02,00:04:35:23,6314,6622,309,10,16,Auto,2,Fri Jul 20 23:08:27 2018
Call_Me_By_Your_Name.mov,Y:\Films_converted,00:00:17:09,23.976,48000,2,1920 x 1080,Cineform HD,00:04:35:23,00:04:53:08,6623,7039,417,10,16,Auto,2,Fri Jul 20 23:08:27 2018
Call_Me_By_Your_Name.mov,Y:\Films_converted,00:00:06:06,23.976,48000,2,1920 x 1080,Cineform HD,00:04:53:08,00:04:59:14,7040,7189,150,10,16,Auto,2,Fri Jul 20 23:08:27 2018
Call_Me_By_Your_Name.mov,Y:\Films_converted,00:00:20:23,23.976,48000,2,1920 x 1080,Cineform HD,00:04:59:14,00:05:20:13,7190,7692,503,10,16,Auto,2,Fri Jul 20 23:08:27 2018
Call_Me_By_Your_Name.mov,Y:\Films_converted,00:00:19:23,23.976,48000,2,1920 x 1080,Cineform HD,00:05:20:13,00:05:40:12,7693,8171,479,10,16,Auto,2,Fri Jul 20 23:08:27 2018
Call_Me_By_Your_Name.mov,Y:\Films_converted,00:00:03:08,23.976,48000,2,1920 x 1080,Cineform HD,00:05:40:12,00:05:43:20,8172,8251,80,10,16,Auto,2,Fri Jul 20 23:08:27 2018
Call_Me_By_Your_Name.mov,Y:\Films_converted,00:00:09:15,23.976,48000,2,1920 x 1080,Cineform HD,00:05:43:20,00:05:53:11,8252,8482,231,10,16,Auto,2,Fri Jul 20 23:08:27 2018
Call_Me_By_Your_Name.mov,Y:\Films_converted,00:01:35:16,23.976,48000,2,1920 x 1080,Cineform HD,00:05:53:11,00:07:29:03,8483,10778,2296,10,16,Auto,2,Fri Jul 20 23:08:27 2018
Call_Me_By_Your_Name.mov,Y:\Films_converted,00:00:16:15,23.976,48000,2,1920 x 1080,Cineform HD,00:07:29:03,00:07:45:18,10779,11177,399,10,16,Auto,2,Fri Jul 20 23:08:27 2018
Call_Me_By_Your_Name.mov,Y:\Films_converted,00:00:14:02,23.976,48000,2,1920 x 1080,Cineform HD,00:07:45:18,00:07:59:20,11178,11515,338,10,16,Auto,2,Fri Jul 20 23:08:27 2018
Call_Me_By_Your_Name.mov,Y:\Films_converted,00:00:07:03,23.976,48000,2,1920 x 1080,Cineform HD,00:07:59:20,00:08:06:23,11516,11686,171,10,16,Auto,2,Fri Jul 20 23:08:27 2018
Call_Me_By_Your_Name.mov,Y:\Films_converted,00:01:01:12,23.976,48000,2,1920 x 1080,Cineform HD,00:08:06:23,00:09:08:11,11687,13162,1476,10,16,Auto,2,Fri Jul 20 23:08:27 2018
Call_Me_By_Your_Name.mov,Y:\Films_converted,00:00:03:11,23.976,48000,2,1920 x 1080,Cineform HD,00:09:08:11,00:09:11:22,13163,13245,83,10,16,Auto,2,Fri Jul 20 23:08:27 2018
Call_Me_By_Your_Name.mov,Y:\Films_converted,00:00:11:13,23.976,48000,2,1920 x 1080,Cineform HD,00:09:11:22,00:09:23:11,13246,13522,277,10,16,Auto,2,Fri Jul 20 23:08:27 2018
Call_Me_By_Your_Name.mov,Y:\Films_converted,00:00:03:22,23.976,48000,2,1920 x 1080,Cineform HD,00:09:23:11,00:09:27:09,13523,13616,94,10,16,Auto,2,Fri Jul 20 23:08:27 2018
Call_Me_By_Your_Name.mov,Y:\Films_converted,00:00:02:12,23.976,48000,2,1920 x 1080,Cineform HD,00:09:27:09,00:09:29:21,13617,13676,60,10,16,Auto,2,Fri Jul 20 23:08:27 2018
Call_Me_By_Your_Name.mov,Y:\Films_converted,00:00:01:23,23.976,48000,2,1920 x 1080,Cineform HD,00:09:29:21,00:09:31:20,13677,13723,47,10,16,Auto,2,Fri Jul 20 23:08:27 2018
Call_Me_By_Your_Name.mov,Y:\Films_converted,00:00:03:13,23.976,48000,2,1920 x 1080,Cineform HD,00:09:31:20,00:09:35:09,13724,13808,85,10,16,Auto,2,Fri Jul 20 23:08:27 2018
Call_Me_By_Your_Name.mov,Y:\Films_converted,00:00:07:14,23.976,48000,2,1920 x 1080,Cineform HD,00:09:35:09,00:09:42:23,13809,13990,182,10,16,Auto,2,Fri Jul 20 23:08:27 2018
Call_Me_By_Your_Name.mov,Y:\Films_converted,00:00:12:16,23.976,48000,2,1920 x 1080,Cineform HD,00:09:42:23,00:09:55:15,13991,14294,304,10,16,Auto,2,Fri Jul 20 23:08:27 2018
Call_Me_By_Your_Name.mov,Y:\Films_converted,00:00:05:17,23.976,48000,2,1920 x 1080,Cineform HD,00:09:55:15,00:10:01:08,14295,14431,137,10,16,Auto,2,Fri Jul 20 23:08:27 2018
Call_Me_By_Your_Name.mov,Y:\Films_converted,00:00:07:07,23.976,48000,2,1920 x 1080,Cineform HD,00:10:01:08,00:10:08:15,14432,14606,175,10,16,Auto,2,Fri Jul 20 23:08:27 2018
Call_Me_By_Your_Name.mov,Y:\Films_converted,00:01:19:10,23.976,48000,2,1920 x 1080,Cineform HD,00:10:08:15,00:11:28:01,14607,16512,1906,10,16,Auto,2,Fri Jul 20 23:08:27 2018
Call_Me_By_Your_Name.mov,Y:\Films_converted,00:00:12:01,23.976,48000,2,1920 x 1080,Cineform HD,00:11:28:01,00:11:40:02,16513,16801,289,10,16,Auto,2,Fri Jul 20 23:08:27 2018
Call_Me_By_Your_Name.mov,Y:\Films_converted,00:00:04:14,23.976,48000,2,1920 x 1080,Cineform HD,00:11:40:02,00:11:44:16,16802,16911,110,10,16,Auto,2,Fri Jul 20 23:08:27 2018
Call_Me_By_Your_Name.mov,Y:\Films_converted,00:00:03:12,23.976,48000,2,1920 x 1080,Cineform HD,00:11:44:16,00:11:48:04,16912,16995,84,10,16,Auto,2,Fri Jul 20 23:08:27 2018
Call_Me_By_Your_Name.mov,Y:\Films_converted,00:00:02:11,23.976,48000,2,1920 x 1080,Cineform HD,00:11:48:04,00:11:50:15,16996,17054,59,10,16,Auto,2,Fri Jul 20 23:08:27 2018
Call_Me_By_Your_Name.mov,Y:\Films_converted,00:00:06:09,23.976,48000,2,1920 x 1080,Cineform HD,00:11:50:15,00:11:57:00,17055,17207,153,10,16,Auto,2,Fri Jul 20 23:08:27 2018
Call_Me_By_Your_Name.mov,Y:\Films_converted,00:00:01:15,23.976,48000,2,1920 x 1080,Cineform HD,00:11:57:00,00:11:58:15,17208,17246,39,10,16,Auto,2,Fri Jul 20 23:08:27 2018
Call_Me_By_Your_Name.mov,Y:\Films_converted,00:00:02:12,23.976,48000,2,1920 x 1080,Cineform HD,00:11:58:15,00:12:01:03,17247,17306,60,10,16,Auto,2,Fri Jul 20 23:08:27 2018
Call_Me_By_Your_Name.mov,Y:\Films_converted,00:00:05:09,23.976,48000,2,1920 x 1080,Cineform HD,00:12:01:03,00:12:06:12,17307,17435,129,10,16,Auto,2,Fri Jul 20 23:08:27 2018
Call_Me_By_Your_Name.mov,Y:\Films_converted,00:00:01:18,23.976,48000,2,1920 x 1080,Cineform HD,00:12:06:12,00:12:08:06,17436,17477,42,10,16,Auto,2,Fri Jul 20 23:08:27 2018
Call_Me_By_Your_Name.mov,Y:\Films_converted,00:00:01:19,23.976,48000,2,1920 x 1080,Cineform HD,00:12:08:06,00:12:10:01,17478,17520,43,10,16,Auto,2,Fri Jul 20 23:08:27 2018
Call_Me_By_Your_Name.mov,Y:\Films_converted,00:00:02:16,23.976,48000,2,1920 x 1080,Cineform HD,00:12:10:01,00:12:12:17,17521,17584,64,10,16,Auto,2,Fri Jul 20 23:08:27 2018
Call_Me_By_Your_Name.mov,Y:\Films_converted,00:00:07:01,23.976,48000,2,1920 x 1080,Cineform HD,00:12:12:17,00:12:19:18,17585,17753,169,10,16,Auto,2,Fri Jul 20 23:08:27 2018
Call_Me_By_Your_Name.mov,Y:\Films_converted,00:00:06:06,23.976,48000,2,1920 x 1080,Cineform HD,00:12:19:18,00:12:26:00,17754,17903,150,10,16,Auto,2,Fri Jul 20 23:08:27 2018
Call_Me_By_Your_Name.mov,Y:\Films_converted,00:00:04:05,23.976,48000,2,1920 x 1080,Cineform HD,00:12:26:00,00:12:30:05,17904,18004,101,10,16,Auto,2,Fri Jul 20 23:08:27 2018
Call_Me_By_Your_Name.mov,Y:\Films_converted,00:00:04:03,23.976,48000,2,1920 x 1080,Cineform HD,00:12:30:05,00:12:34:08,18005,18103,99,10,16,Auto,2,Fri Jul 20 23:08:27 2018
Call_Me_By_Your_Name.mov,Y:\Films_converted,00:00:01:15,23.976,48000,2,1920 x 1080,Cineform HD,00:12:34:08,00:12:35:23,18104,18142,39,10,16,Auto,2,Fri Jul 20 23:08:27 2018
Call_Me_By_Your_Name.mov,Y:\Films_converted,00:00:02:02,23.976,48000,2,1920 x 1080,Cineform HD,00:12:35:23,00:12:38:01,18143,18192,50,10,16,Auto,2,Fri Jul 20 23:08:27 2018
Call_Me_By_Your_Name.mov,Y:\Films_converted,00:00:13:18,23.976,48000,2,1920 x 1080,Cineform HD,00:12:38:01,00:12:51:19,18193,18522,330,10,16,Auto,2,Fri Jul 20 23:08:27 2018
Call_Me_By_Your_Name.mov,Y:\Films_converted,00:00:02:11,23.976,48000,2,1920 x 1080,Cineform HD,00:12:51:19,00:12:54:06,18523,18581,59,10,16,Auto,2,Fri Jul 20 23:08:27 2018
Call_Me_By_Your_Name.mov,Y:\Films_converted,00:00:02:21,23.976,48000,2,1920 x 1080,Cineform HD,00:12:54:06,00:12:57:03,18582,18650,69,10,16,Auto,2,Fri Jul 20 23:08:27 2018
Call_Me_By_Your_Name.mov,Y:\Films_converted,00:00:05:07,23.976,48000,2,1920 x 1080,Cineform HD,00:12:57:03,00:13:02:10,18651,18777,127,10,16,Auto,2,Fri Jul 20 23:08:27 2018
Call_Me_By_Your_Name.mov,Y:\Films_converted,00:00:03:10,23.976,48000,2,1920 x 1080,Cineform HD,00:13:02:10,00:13:05:20,18778,18859,82,10,16,Auto,2,Fri Jul 20 23:08:27 2018
Call_Me_By_Your_Name.mov,Y:\Films_converted,00:00:01:15,23.976,48000,2,1920 x 1080,Cineform HD,00:13:05:20,00:13:07:11,18860,18898,39,10,16,Auto,2,Fri Jul 20 23:08:27 2018
Call_Me_By_Your_Name.mov,Y:\Films_converted,00:00:03:00,23.976,48000,2,1920 x 1080,Cineform HD,00:13:07:11,00:13:10:11,18899,18970,72,10,16,Auto,2,Fri Jul 20 23:08:27 2018
Call_Me_By_Your_Name.mov,Y:\Films_converted,00:00:01:12,23.976,48000,2,1920 x 1080,Cineform HD,00:13:10:11,00:13:11:23,18971,19006,36,10,16,Auto,2,Fri Jul 20 23:08:27 2018
Call_Me_By_Your_Name.mov,Y:\Films_converted,00:00:01:15,23.976,48000,2,1920 x 1080,Cineform HD,00:13:11:23,00:13:13:14,19007,19045,39,10,16,Auto,2,Fri Jul 20 23:08:27 2018
Call_Me_By_Your_Name.mov,Y:\Films_converted,00:00:01:09,23.976,48000,2,1920 x 1080,Cineform HD,00:13:13:14,00:13:14:23,19046,19078,33,10,16,Auto,2,Fri Jul 20 23:08:27 2018
Call_Me_By_Your_Name.mov,Y:\Films_converted,00:00:02:18,23.976,48000,2,1920 x 1080,Cineform HD,00:13:14:23,00:13:17:17,19079,19144,66,10,16,Auto,2,Fri Jul 20 23:08:27 2018
Call_Me_By_Your_Name.mov,Y:\Films_converted,00:00:00:21,23.976,48000,2,1920 x 1080,Cineform HD,00:13:17:17,00:13:18:14,19145,19165,21,10,16,Auto,2,Fri Jul 20 23:08:27 2018
Call_Me_By_Your_Name.mov,Y:\Films_converted,00:00:01:17,23.976,48000,2,1920 x 1080,Cineform HD,00:13:18:14,00:13:20:07,19166,19206,41,10,16,Auto,2,Fri Jul 20 23:08:27 2018
Call_Me_By_Your_Name.mov,Y:\Films_converted,00:00:01:02,23.976,48000,2,1920 x 1080,Cineform HD,00:13:20:07,00:13:21:09,19207,19232,26,10,16,Auto,2,Fri Jul 20 23:08:27 2018
Call_Me_By_Your_Name.mov,Y:\Films_converted,00:00:01:12,23.976,48000,2,1920 x 1080,Cineform HD,00:13:21:09,00:13:22:21,19233,19268,36,10,16,Auto,2,Fri Jul 20 23:08:27 2018
Call_Me_By_Your_Name.mov,Y:\Films_converted,00:00:10:22,23.976,48000,2,1920 x 1080,Cineform HD,00:13:22:21,00:13:33:19,19269,19530,262,10,16,Auto,2,Fri Jul 20 23:08:27 2018
Call_Me_By_Your_Name.mov,Y:\Films_converted,00:00:15:02,23.976,48000,2,1920 x 1080,Cineform HD,00:13:33:19,00:13:48:21,19531,19892,362,10,16,Auto,2,Fri Jul 20 23:08:27 2018
Call_Me_By_Your_Name.mov,Y:\Films_converted,00:00:01:11,23.976,48000,2,1920 x 1080,Cineform HD,00:13:48:21,00:13:50:08,19893,19927,35,10,16,Auto,2,Fri Jul 20 23:08:27 2018
Call_Me_By_Your_Name.mov,Y:\Films_converted,00:00:12:14,23.976,48000,2,1920 x 1080,Cineform HD,00:13:50:08,00:14:02:22,19928,20229,302,10,16,Auto,2,Fri Jul 20 23:08:27 2018
Call_Me_By_Your_Name.mov,Y:\Films_converted,00:00:04:03,23.976,48000,2,1920 x 1080,Cineform HD,00:14:02:22,00:14:07:01,20230,20328,99,10,16,Auto,2,Fri Jul 20 23:08:27 2018
Call_Me_By_Your_Name.mov,Y:\Films_converted,00:00:03:04,23.976,48000,2,1920 x 1080,Cineform HD,00:14:07:01,00:14:10:05,20329,20404,76,10,16,Auto,2,Fri Jul 20 23:08:27 2018
Call_Me_By_Your_Name.mov,Y:\Films_converted,00:00:24:06,23.976,48000,2,1920 x 1080,Cineform HD,00:14:10:05,00:14:34:11,20405,20986,582,10,16,Auto,2,Fri Jul 20 23:08:27 2018
Call_Me_By_Your_Name.mov,Y:\Films_converted,00:00:01:17,23.976,48000,2,1920 x 1080,Cineform HD,00:14:34:11,00:14:36:04,20987,21027,41,10,16,Auto,2,Fri Jul 20 23:08:27 2018
Call_Me_By_Your_Name.mov,Y:\Films_converted,00:00:09:11,23.976,48000,2,1920 x 1080,Cineform HD,00:14:36:04,00:14:45:15,21028,21254,227,10,16,Auto,2,Fri Jul 20 23:08:27 2018
Call_Me_By_Your_Name.mov,Y:\Films_converted,00:00:03:03,23.976,48000,2,1920 x 1080,Cineform HD,00:14:45:15,00:14:48:18,21255,21329,75,10,16,Auto,2,Fri Jul 20 23:08:27 2018
Call_Me_By_Your_Name.mov,Y:\Films_converted,00:00:04:02,23.976,48000,2,1920 x 1080,Cineform HD,00:14:48:18,00:14:52:20,21330,21427,98,10,16,Auto,2,Fri Jul 20 23:08:27 2018
Call_Me_By_Your_Name.mov,Y:\Films_converted,00:00:06:11,23.976,48000,2,1920 x 1080,Cineform HD,00:14:52:20,00:14:59:07,21428,21582,155,10,16,Auto,2,Fri Jul 20 23:08:27 2018
Call_Me_By_Your_Name.mov,Y:\Films_converted,00:00:01:20,23.976,48000,2,1920 x 1080,Cineform HD,00:14:59:07,00:15:01:03,21583,21626,44,10,16,Auto,2,Fri Jul 20 23:08:27 2018
Call_Me_By_Your_Name.mov,Y:\Films_converted,00:00:08:10,23.976,48000,2,1920 x 1080,Cineform HD,00:15:01:03,00:15:09:13,21627,21828,202,10,16,Auto,2,Fri Jul 20 23:08:27 2018
Call_Me_By_Your_Name.mov,Y:\Films_converted,00:00:05:07,23.976,48000,2,1920 x 1080,Cineform HD,00:15:09:13,00:15:14:20,21829,21955,127,10,16,Auto,2,Fri Jul 20 23:08:27 2018
Call_Me_By_Your_Name.mov,Y:\Films_converted,00:00:14:11,23.976,48000,2,1920 x 1080,Cineform HD,00:15:14:20,00:15:29:07,21956,22302,347,10,16,Auto,2,Fri Jul 20 23:08:27 2018
Call_Me_By_Your_Name.mov,Y:\Films_converted,00:00:05:14,23.976,48000,2,1920 x 1080,Cineform HD,00:15:29:07,00:15:34:21,22303,22436,134,10,16,Auto,2,Fri Jul 20 23:08:27 2018
Call_Me_By_Your_Name.mov,Y:\Films_converted,00:00:04:04,23.976,48000,2,1920 x 1080,Cineform HD,00:15:34:21,00:15:39:01,22437,22536,100,10,16,Auto,2,Fri Jul 20 23:08:27 2018
Call_Me_By_Your_Name.mov,Y:\Films_converted,00:00:02:19,23.976,48000,2,1920 x 1080,Cineform HD,00:15:39:01,00:15:41:20,22537,22603,67,10,16,Auto,2,Fri Jul 20 23:08:27 2018
Call_Me_By_Your_Name.mov,Y:\Films_converted,00:00:01:17,23.976,48000,2,1920 x 1080,Cineform HD,00:15:41:20,00:15:43:13,22604,22644,41,10,16,Auto,2,Fri Jul 20 23:08:27 2018
Call_Me_By_Your_Name.mov,Y:\Films_converted,00:00:04:08,23.976,48000,2,1920 x 1080,Cineform HD,00:15:43:13,00:15:47:21,22645,22748,104,10,16,Auto,2,Fri Jul 20 23:08:27 2018
Call_Me_By_Your_Name.mov,Y:\Films_converted,00:00:08:06,23.976,48000,2,1920 x 1080,Cineform HD,00:15:47:21,00:15:56:03,22749,22946,198,10,16,Auto,2,Fri Jul 20 23:08:27 2018
Call_Me_By_Your_Name.mov,Y:\Films_converted,00:00:02:06,23.976,48000,2,1920 x 1080,Cineform HD,00:15:56:03,00:15:58:09,22947,23000,54,10,16,Auto,2,Fri Jul 20 23:08:27 2018
Call_Me_By_Your_Name.mov,Y:\Films_converted,00:00:15:06,23.976,48000,2,1920 x 1080,Cineform HD,00:15:58:09,00:16:13:15,23001,23366,366,10,16,Auto,2,Fri Jul 20 23:08:27 2018
Call_Me_By_Your_Name.mov,Y:\Films_converted,00:00:14:22,23.976,48000,2,1920 x 1080,Cineform HD,00:16:13:15,00:16:28:13,23367,23724,358,10,16,Auto,2,Fri Jul 20 23:08:27 2018
Call_Me_By_Your_Name.mov,Y:\Films_converted,00:00:10:09,23.976,48000,2,1920 x 1080,Cineform HD,00:16:28:13,00:16:38:22,23725,23973,249,10,16,Auto,2,Fri Jul 20 23:08:27 2018
Call_Me_By_Your_Name.mov,Y:\Films_converted,00:00:03:13,23.976,48000,2,1920 x 1080,Cineform HD,00:16:38:22,00:16:42:11,23974,24058,85,10,16,Auto,2,Fri Jul 20 23:08:27 2018
Call_Me_By_Your_Name.mov,Y:\Films_converted,00:00:05:11,23.976,48000,2,1920 x 1080,Cineform HD,00:16:42:11,00:16:47:22,24059,24189,131,10,16,Auto,2,Fri Jul 20 23:08:27 2018
Call_Me_By_Your_Name.mov,Y:\Films_converted,00:00:02:19,23.976,48000,2,1920 x 1080,Cineform HD,00:16:47:22,00:16:50:17,24190,24256,67,10,16,Auto,2,Fri Jul 20 23:08:27 2018
Call_Me_By_Your_Name.mov,Y:\Films_converted,00:00:06:08,23.976,48000,2,1920 x 1080,Cineform HD,00:16:50:17,00:16:57:01,24257,24408,152,10,16,Auto,2,Fri Jul 20 23:08:27 2018
Call_Me_By_Your_Name.mov,Y:\Films_converted,00:00:03:15,23.976,48000,2,1920 x 1080,Cineform HD,00:16:57:01,00:17:00:16,24409,24495,87,10,16,Auto,2,Fri Jul 20 23:08:27 2018
Call_Me_By_Your_Name.mov,Y:\Films_converted,00:00:06:17,23.976,48000,2,1920 x 1080,Cineform HD,00:17:00:16,00:17:07:09,24496,24656,161,10,16,Auto,2,Fri Jul 20 23:08:27 2018
Call_Me_By_Your_Name.mov,Y:\Films_converted,00:00:04:02,23.976,48000,2,1920 x 1080,Cineform HD,00:17:07:09,00:17:11:11,24657,24754,98,10,16,Auto,2,Fri Jul 20 23:08:27 2018
Call_Me_By_Your_Name.mov,Y:\Films_converted,00:00:02:09,23.976,48000,2,1920 x 1080,Cineform HD,00:17:11:11,00:17:13:20,24755,24811,57,10,16,Auto,2,Fri Jul 20 23:08:27 2018
Call_Me_By_Your_Name.mov,Y:\Films_converted,00:00:07:19,23.976,48000,2,1920 x 1080,Cineform HD,00:17:13:20,00:17:21:15,24812,24998,187,10,16,Auto,2,Fri Jul 20 23:08:27 2018
Call_Me_By_Your_Name.mov,Y:\Films_converted,00:00:02:17,23.976,48000,2,1920 x 1080,Cineform HD,00:17:21:15,00:17:24:08,24999,25063,65,10,16,Auto,2,Fri Jul 20 23:08:27 2018
Call_Me_By_Your_Name.mov,Y:\Films_converted,00:00:05:12,23.976,48000,2,1920 x 1080,Cineform HD,00:17:24:08,00:17:29:20,25064,25195,132,10,16,Auto,2,Fri Jul 20 23:08:27 2018
Call_Me_By_Your_Name.mov,Y:\Films_converted,00:00:04:05,23.976,48000,2,1920 x 1080,Cineform HD,00:17:29:20,00:17:34:01,25196,25296,101,10,16,Auto,2,Fri Jul 20 23:08:27 2018
Call_Me_By_Your_Name.mov,Y:\Films_converted,00:00:04:06,23.976,48000,2,1920 x 1080,Cineform HD,00:17:34:01,00:17:38:07,25297,25398,102,10,16,Auto,2,Fri Jul 20 23:08:27 2018
Call_Me_By_Your_Name.mov,Y:\Films_converted,00:00:09:01,23.976,48000,2,1920 x 1080,Cineform HD,00:17:38:07,00:17:47:08,25399,25615,217,10,16,Auto,2,Fri Jul 20 23:08:27 2018
Call_Me_By_Your_Name.mov,Y:\Films_converted,00:00:02:10,23.976,48000,2,1920 x 1080,Cineform HD,00:17:47:08,00:17:49:18,25616,25673,58,10,16,Auto,2,Fri Jul 20 23:08:27 2018
Call_Me_By_Your_Name.mov,Y:\Films_converted,00:00:01:22,23.976,48000,2,1920 x 1080,Cineform HD,00:17:49:18,00:17:51:16,25674,25719,46,10,16,Auto,2,Fri Jul 20 23:08:27 2018
Call_Me_By_Your_Name.mov,Y:\Films_converted,00:00:03:23,23.976,48000,2,1920 x 1080,Cineform HD,00:17:51:16,00:17:55:15,25720,25814,95,10,16,Auto,2,Fri Jul 20 23:08:27 2018
Call_Me_By_Your_Name.mov,Y:\Films_converted,00:00:28:20,23.976,48000,2,1920 x 1080,Cineform HD,00:17:55:15,00:18:24:11,25815,26506,692,10,16,Auto,2,Fri Jul 20 23:08:27 2018
Call_Me_By_Your_Name.mov,Y:\Films_converted,00:00:04:17,23.976,48000,2,1920 x 1080,Cineform HD,00:18:24:11,00:18:29:04,26507,26619,113,10,16,Auto,2,Fri Jul 20 23:08:27 2018
Call_Me_By_Your_Name.mov,Y:\Films_converted,00:00:05:04,23.976,48000,2,1920 x 1080,Cineform HD,00:18:29:04,00:18:34:08,26620,26743,124,10,16,Auto,2,Fri Jul 20 23:08:27 2018
Call_Me_By_Your_Name.mov,Y:\Films_converted,00:00:07:05,23.976,48000,2,1920 x 1080,Cineform HD,00:18:34:08,00:18:41:13,26744,26916,173,10,16,Auto,2,Fri Jul 20 23:08:27 2018
Call_Me_By_Your_Name.mov,Y:\Films_converted,00:00:15:10,23.976,48000,2,1920 x 1080,Cineform HD,00:18:41:13,00:18:56:23,26917,27286,370,10,16,Auto,2,Fri Jul 20 23:08:27 2018
Call_Me_By_Your_Name.mov,Y:\Films_converted,00:00:09:02,23.976,48000,2,1920 x 1080,Cineform HD,00:18:56:23,00:19:06:01,27287,27504,218,10,16,Auto,2,Fri Jul 20 23:08:27 2018
Call_Me_By_Your_Name.mov,Y:\Films_converted,00:00:07:02,23.976,48000,2,1920 x 1080,Cineform HD,00:19:06:01,00:19:13:03,27505,27674,170,10,16,Auto,2,Fri Jul 20 23:08:27 2018
Call_Me_By_Your_Name.mov,Y:\Films_converted,00:00:08:04,23.976,48000,2,1920 x 1080,Cineform HD,00:19:13:03,00:19:21:07,27675,27870,196,10,16,Auto,2,Fri Jul 20 23:08:27 2018
Call_Me_By_Your_Name.mov,Y:\Films_converted,00:00:04:00,23.976,48000,2,1920 x 1080,Cineform HD,00:19:21:07,00:19:25:07,27871,27966,96,10,16,Auto,2,Fri Jul 20 23:08:27 2018
Call_Me_By_Your_Name.mov,Y:\Films_converted,00:00:04:21,23.976,48000,2,1920 x 1080,Cineform HD,00:19:25:07,00:19:30:04,27967,28083,117,10,16,Auto,2,Fri Jul 20 23:08:27 2018
Call_Me_By_Your_Name.mov,Y:\Films_converted,00:00:03:01,23.976,48000,2,1920 x 1080,Cineform HD,00:19:30:04,00:19:33:05,28084,28156,73,10,16,Auto,2,Fri Jul 20 23:08:27 2018
Call_Me_By_Your_Name.mov,Y:\Films_converted,00:00:04:03,23.976,48000,2,1920 x 1080,Cineform HD,00:19:33:05,00:19:37:08,28157,28255,99,10,16,Auto,2,Fri Jul 20 23:08:27 2018
Call_Me_By_Your_Name.mov,Y:\Films_converted,00:00:01:01,23.976,48000,2,1920 x 1080,Cineform HD,00:19:37:08,00:19:38:09,28256,28280,25,10,16,Auto,2,Fri Jul 20 23:08:27 2018
Call_Me_By_Your_Name.mov,Y:\Films_converted,00:00:03:03,23.976,48000,2,1920 x 1080,Cineform HD,00:19:38:09,00:19:41:12,28281,28355,75,10,16,Auto,2,Fri Jul 20 23:08:27 2018
Call_Me_By_Your_Name.mov,Y:\Films_converted,00:00:01:16,23.976,48000,2,1920 x 1080,Cineform HD,00:19:41:12,00:19:43:04,28356,28395,40,10,16,Auto,2,Fri Jul 20 23:08:27 2018
Call_Me_By_Your_Name.mov,Y:\Films_converted,00:00:03:07,23.976,48000,2,1920 x 1080,Cineform HD,00:19:43:04,00:19:46:11,28396,28474,79,10,16,Auto,2,Fri Jul 20 23:08:27 2018
Call_Me_By_Your_Name.mov,Y:\Films_converted,00:00:04:09,23.976,48000,2,1920 x 1080,Cineform HD,00:19:46:11,00:19:50:20,28475,28579,105,10,16,Auto,2,Fri Jul 20 23:08:27 2018
Call_Me_By_Your_Name.mov,Y:\Films_converted,00:00:02:11,23.976,48000,2,1920 x 1080,Cineform HD,00:19:50:20,00:19:53:07,28580,28638,59,10,16,Auto,2,Fri Jul 20 23:08:27 2018
Call_Me_By_Your_Name.mov,Y:\Films_converted,00:00:02:19,23.976,48000,2,1920 x 1080,Cineform HD,00:19:53:07,00:19:56:02,28639,28705,67,10,16,Auto,2,Fri Jul 20 23:08:27 2018
Call_Me_By_Your_Name.mov,Y:\Films_converted,00:00:01:16,23.976,48000,2,1920 x 1080,Cineform HD,00:19:56:02,00:19:57:18,28706,28745,40,10,16,Auto,2,Fri Jul 20 23:08:27 2018
Call_Me_By_Your_Name.mov,Y:\Films_converted,00:00:01:10,23.976,48000,2,1920 x 1080,Cineform HD,00:19:57:18,00:19:59:04,28746,28779,34,10,16,Auto,2,Fri Jul 20 23:08:27 2018
Call_Me_By_Your_Name.mov,Y:\Films_converted,00:00:01:01,23.976,48000,2,1920 x 1080,Cineform HD,00:19:59:04,00:20:00:05,28780,28804,25,10,16,Auto,2,Fri Jul 20 23:08:27 2018
Call_Me_By_Your_Name.mov,Y:\Films_converted,00:00:03:13,23.976,48000,2,1920 x 1080,Cineform HD,00:20:00:05,00:20:03:18,28805,28889,85,10,16,Auto,2,Fri Jul 20 23:08:27 2018
Call_Me_By_Your_Name.mov,Y:\Films_converted,00:00:05:10,23.976,48000,2,1920 x 1080,Cineform HD,00:20:03:18,00:20:09:04,28890,29019,130,10,16,Auto,2,Fri Jul 20 23:08:27 2018
Call_Me_By_Your_Name.mov,Y:\Films_converted,00:00:06:07,23.976,48000,2,1920 x 1080,Cineform HD,00:20:09:04,00:20:15:11,29020,29170,151,10,16,Auto,2,Fri Jul 20 23:08:27 2018
Call_Me_By_Your_Name.mov,Y:\Films_converted,00:00:01:07,23.976,48000,2,1920 x 1080,Cineform HD,00:20:15:11,00:20:16:18,29171,29201,31,10,16,Auto,2,Fri Jul 20 23:08:27 2018
Call_Me_By_Your_Name.mov,Y:\Films_converted,00:00:05:13,23.976,48000,2,1920 x 1080,Cineform HD,00:20:16:18,00:20:22:07,29202,29334,133,10,16,Auto,2,Fri Jul 20 23:08:27 2018
Call_Me_By_Your_Name.mov,Y:\Films_converted,00:00:12:12,23.976,48000,2,1920 x 1080,Cineform HD,00:20:22:07,00:20:34:19,29335,29634,300,10,16,Auto,2,Fri Jul 20 23:08:27 2018
Call_Me_By_Your_Name.mov,Y:\Films_converted,00:00:02:18,23.976,48000,2,1920 x 1080,Cineform HD,00:20:34:19,00:20:37:13,29635,29700,66,10,16,Auto,2,Fri Jul 20 23:08:27 2018
Call_Me_By_Your_Name.mov,Y:\Films_converted,00:00:03:00,23.976,48000,2,1920 x 1080,Cineform HD,00:20:37:13,00:20:40:13,29701,29772,72,10,16,Auto,2,Fri Jul 20 23:08:27 2018
Call_Me_By_Your_Name.mov,Y:\Films_converted,00:00:04:02,23.976,48000,2,1920 x 1080,Cineform HD,00:20:40:13,00:20:44:15,29773,29870,98,10,16,Auto,2,Fri Jul 20 23:08:27 2018
Call_Me_By_Your_Name.mov,Y:\Films_converted,00:00:59:08,23.976,48000,2,1920 x 1080,Cineform HD,00:20:44:15,00:21:43:23,29871,31294,1424,10,16,Auto,2,Fri Jul 20 23:08:27 2018
Call_Me_By_Your_Name.mov,Y:\Films_converted,00:00:05:04,23.976,48000,2,1920 x 1080,Cineform HD,00:21:43:23,00:21:49:03,31295,31418,124,10,16,Auto,2,Fri Jul 20 23:08:27 2018
Call_Me_By_Your_Name.mov,Y:\Films_converted,00:00:13:00,23.976,48000,2,1920 x 1080,Cineform HD,00:21:49:03,00:22:02:03,31419,31730,312,10,16,Auto,2,Fri Jul 20 23:08:27 2018
Call_Me_By_Your_Name.mov,Y:\Films_converted,00:00:03:11,23.976,48000,2,1920 x 1080,Cineform HD,00:22:02:03,00:22:05:14,31731,31813,83,10,16,Auto,2,Fri Jul 20 23:08:27 2018
Call_Me_By_Your_Name.mov,Y:\Films_converted,00:00:02:06,23.976,48000,2,1920 x 1080,Cineform HD,00:22:05:14,00:22:07:20,31814,31867,54,10,16,Auto,2,Fri Jul 20 23:08:27 2018
Call_Me_By_Your_Name.mov,Y:\Films_converted,00:00:04:02,23.976,48000,2,1920 x 1080,Cineform HD,00:22:07:20,00:22:11:22,31868,31965,98,10,16,Auto,2,Fri Jul 20 23:08:27 2018
Call_Me_By_Your_Name.mov,Y:\Films_converted,00:00:05:13,23.976,48000,2,1920 x 1080,Cineform HD,00:22:11:22,00:22:17:11,31966,32098,133,10,16,Auto,2,Fri Jul 20 23:08:27 2018
Call_Me_By_Your_Name.mov,Y:\Films_converted,00:00:05:12,23.976,48000,2,1920 x 1080,Cineform HD,00:22:17:11,00:22:22:23,32099,32230,132,10,16,Auto,2,Fri Jul 20 23:08:27 2018
Call_Me_By_Your_Name.mov,Y:\Films_converted,00:00:01:19,23.976,48000,2,1920 x 1080,Cineform HD,00:22:22:23,00:22:24:18,32231,32273,43,10,16,Auto,2,Fri Jul 20 23:08:27 2018
Call_Me_By_Your_Name.mov,Y:\Films_converted,00:00:02:08,23.976,48000,2,1920 x 1080,Cineform HD,00:22:24:18,00:22:27:02,32274,32329,56,10,16,Auto,2,Fri Jul 20 23:08:27 2018
Call_Me_By_Your_Name.mov,Y:\Films_converted,00:00:06:15,23.976,48000,2,1920 x 1080,Cineform HD,00:22:27:02,00:22:33:17,32330,32488,159,10,16,Auto,2,Fri Jul 20 23:08:27 2018
Call_Me_By_Your_Name.mov,Y:\Films_converted,00:01:55:16,23.976,48000,2,1920 x 1080,Cineform HD,00:22:33:17,00:24:29:09,32489,35264,2776,10,16,Auto,2,Fri Jul 20 23:08:27 2018
Call_Me_By_Your_Name.mov,Y:\Films_converted,00:00:20:07,23.976,48000,2,1920 x 1080,Cineform HD,00:24:29:09,00:24:49:16,35265,35751,487,10,16,Auto,2,Fri Jul 20 23:08:27 2018
Call_Me_By_Your_Name.mov,Y:\Films_converted,00:00:05:08,23.976,48000,2,1920 x 1080,Cineform HD,00:24:49:16,00:24:55:00,35752,35879,128,10,16,Auto,2,Fri Jul 20 23:08:27 2018
Call_Me_By_Your_Name.mov,Y:\Films_converted,00:00:03:02,23.976,48000,2,1920 x 1080,Cineform HD,00:24:55:00,00:24:58:02,35880,35953,74,10,16,Auto,2,Fri Jul 20 23:08:27 2018
Call_Me_By_Your_Name.mov,Y:\Films_converted,00:00:12:11,23.976,48000,2,1920 x 1080,Cineform HD,00:24:58:02,00:25:10:13,35954,36252,299,10,16,Auto,2,Fri Jul 20 23:08:27 2018
Call_Me_By_Your_Name.mov,Y:\Films_converted,00:00:03:01,23.976,48000,2,1920 x 1080,Cineform HD,00:25:10:13,00:25:13:14,36253,36325,73,10,16,Auto,2,Fri Jul 20 23:08:27 2018
Call_Me_By_Your_Name.mov,Y:\Films_converted,00:00:03:21,23.976,48000,2,1920 x 1080,Cineform HD,00:25:13:14,00:25:17:11,36326,36418,93,10,16,Auto,2,Fri Jul 20 23:08:27 2018
Call_Me_By_Your_Name.mov,Y:\Films_converted,00:00:05:14,23.976,48000,2,1920 x 1080,Cineform HD,00:25:17:11,00:25:23:01,36419,36552,134,10,16,Auto,2,Fri Jul 20 23:08:27 2018
Call_Me_By_Your_Name.mov,Y:\Films_converted,00:00:03:08,23.976,48000,2,1920 x 1080,Cineform HD,00:25:23:01,00:25:26:09,36553,36632,80,10,16,Auto,2,Fri Jul 20 23:08:27 2018
Call_Me_By_Your_Name.mov,Y:\Films_converted,00:00:24:06,23.976,48000,2,1920 x 1080,Cineform HD,00:25:26:09,00:25:50:15,36633,37214,582,10,16,Auto,2,Fri Jul 20 23:08:27 2018
Call_Me_By_Your_Name.mov,Y:\Films_converted,00:00:06:10,23.976,48000,2,1920 x 1080,Cineform HD,00:25:50:15,00:25:57:01,37215,37368,154,10,16,Auto,2,Fri Jul 20 23:08:27 2018
Call_Me_By_Your_Name.mov,Y:\Films_converted,00:00:02:11,23.976,48000,2,1920 x 1080,Cineform HD,00:25:57:01,00:25:59:12,37369,37427,59,10,16,Auto,2,Fri Jul 20 23:08:27 2018
Call_Me_By_Your_Name.mov,Y:\Films_converted,00:00:01:14,23.976,48000,2,1920 x 1080,Cineform HD,00:25:59:12,00:26:01:02,37428,37465,38,10,16,Auto,2,Fri Jul 20 23:08:27 2018
Call_Me_By_Your_Name.mov,Y:\Films_converted,00:00:07:00,23.976,48000,2,1920 x 1080,Cineform HD,00:26:01:02,00:26:08:02,37466,37633,168,10,16,Auto,2,Fri Jul 20 23:08:27 2018
Call_Me_By_Your_Name.mov,Y:\Films_converted,00:00:03:02,23.976,48000,2,1920 x 1080,Cineform HD,00:26:08:02,00:26:11:04,37634,37707,74,10,16,Auto,2,Fri Jul 20 23:08:27 2018
Call_Me_By_Your_Name.mov,Y:\Films_converted,00:00:02:03,23.976,48000,2,1920 x 1080,Cineform HD,00:26:11:04,00:26:13:07,37708,37758,51,10,16,Auto,2,Fri Jul 20 23:08:27 2018
Call_Me_By_Your_Name.mov,Y:\Films_converted,00:00:02:13,23.976,48000,2,1920 x 1080,Cineform HD,00:26:13:07,00:26:15:20,37759,37819,61,10,16,Auto,2,Fri Jul 20 23:08:27 2018
Call_Me_By_Your_Name.mov,Y:\Films_converted,00:00:02:23,23.976,48000,2,1920 x 1080,Cineform HD,00:26:15:20,00:26:18:19,37820,37890,71,10,16,Auto,2,Fri Jul 20 23:08:27 2018
Call_Me_By_Your_Name.mov,Y:\Films_converted,00:00:02:04,23.976,48000,2,1920 x 1080,Cineform HD,00:26:18:19,00:26:20:23,37891,37942,52,10,16,Auto,2,Fri Jul 20 23:08:27 2018
Call_Me_By_Your_Name.mov,Y:\Films_converted,00:00:04:17,23.976,48000,2,1920 x 1080,Cineform HD,00:26:20:23,00:26:25:16,37943,38055,113,10,16,Auto,2,Fri Jul 20 23:08:27 2018
Call_Me_By_Your_Name.mov,Y:\Films_converted,00:00:39:22,23.976,48000,2,1920 x 1080,Cineform HD,00:26:25:16,00:27:05:14,38056,39013,958,10,16,Auto,2,Fri Jul 20 23:08:27 2018
Call_Me_By_Your_Name.mov,Y:\Films_converted,00:00:07:00,23.976,48000,2,1920 x 1080,Cineform HD,00:27:05:14,00:27:12:14,39014,39181,168,10,16,Auto,2,Fri Jul 20 23:08:27 2018
Call_Me_By_Your_Name.mov,Y:\Films_converted,00:00:07:03,23.976,48000,2,1920 x 1080,Cineform HD,00:27:12:14,00:27:19:17,39182,39352,171,10,16,Auto,2,Fri Jul 20 23:08:27 2018
Call_Me_By_Your_Name.mov,Y:\Films_converted,00:00:30:08,23.976,48000,2,1920 x 1080,Cineform HD,00:27:19:17,00:27:50:01,39353,40080,728,10,16,Auto,2,Fri Jul 20 23:08:27 2018
Call_Me_By_Your_Name.mov,Y:\Films_converted,00:00:15:18,23.976,48000,2,1920 x 1080,Cineform HD,00:27:50:01,00:28:05:19,40081,40458,378,10,16,Auto,2,Fri Jul 20 23:08:27 2018
Call_Me_By_Your_Name.mov,Y:\Films_converted,00:00:14:06,23.976,48000,2,1920 x 1080,Cineform HD,00:28:05:19,00:28:20:01,40459,40800,342,10,16,Auto,2,Fri Jul 20 23:08:27 2018
Call_Me_By_Your_Name.mov,Y:\Films_converted,00:00:03:22,23.976,48000,2,1920 x 1080,Cineform HD,00:28:20:01,00:28:23:23,40801,40894,94,10,16,Auto,2,Fri Jul 20 23:08:27 2018
Call_Me_By_Your_Name.mov,Y:\Films_converted,00:00:08:19,23.976,48000,2,1920 x 1080,Cineform HD,00:28:23:23,00:28:32:18,40895,41105,211,10,16,Auto,2,Fri Jul 20 23:08:27 2018
Call_Me_By_Your_Name.mov,Y:\Films_converted,00:00:04:09,23.976,48000,2,1920 x 1080,Cineform HD,00:28:32:18,00:28:37:03,41106,41210,105,10,16,Auto,2,Fri Jul 20 23:08:27 2018
Call_Me_By_Your_Name.mov,Y:\Films_converted,00:00:07:07,23.976,48000,2,1920 x 1080,Cineform HD,00:28:37:03,00:28:44:10,41211,41385,175,10,16,Auto,2,Fri Jul 20 23:08:27 2018
Call_Me_By_Your_Name.mov,Y:\Films_converted,00:00:04:07,23.976,48000,2,1920 x 1080,Cineform HD,00:28:44:10,00:28:48:17,41386,41488,103,10,16,Auto,2,Fri Jul 20 23:08:27 2018
Call_Me_By_Your_Name.mov,Y:\Films_converted,00:00:24:12,23.976,48000,2,1920 x 1080,Cineform HD,00:28:48:17,00:29:13:05,41489,42076,588,10,16,Auto,2,Fri Jul 20 23:08:27 2018
Call_Me_By_Your_Name.mov,Y:\Films_converted,00:00:04:21,23.976,48000,2,1920 x 1080,Cineform HD,00:29:13:05,00:29:18:02,42077,42193,117,10,16,Auto,2,Fri Jul 20 23:08:27 2018
Call_Me_By_Your_Name.mov,Y:\Films_converted,00:00:38:10,23.976,48000,2,1920 x 1080,Cineform HD,00:29:18:02,00:29:56:12,42194,43115,922,10,16,Auto,2,Fri Jul 20 23:08:27 2018
Call_Me_By_Your_Name.mov,Y:\Films_converted,00:00:44:23,23.976,48000,2,1920 x 1080,Cineform HD,00:29:56:12,00:30:41:11,43116,44194,1079,10,16,Auto,2,Fri Jul 20 23:08:27 2018
Call_Me_By_Your_Name.mov,Y:\Films_converted,00:00:16:17,23.976,48000,2,1920 x 1080,Cineform HD,00:30:41:11,00:30:58:04,44195,44595,401,10,16,Auto,2,Fri Jul 20 23:08:27 2018
Call_Me_By_Your_Name.mov,Y:\Films_converted,00:00:06:01,23.976,48000,2,1920 x 1080,Cineform HD,00:30:58:04,00:31:04:05,44596,44740,145,10,16,Auto,2,Fri Jul 20 23:08:27 2018
Call_Me_By_Your_Name.mov,Y:\Films_converted,00:00:01:19,23.976,48000,2,1920 x 1080,Cineform HD,00:31:04:05,00:31:06:00,44741,44783,43,10,16,Auto,2,Fri Jul 20 23:08:27 2018
Call_Me_By_Your_Name.mov,Y:\Films_converted,00:00:02:17,23.976,48000,2,1920 x 1080,Cineform HD,00:31:06:00,00:31:08:17,44784,44848,65,10,16,Auto,2,Fri Jul 20 23:08:27 2018
Call_Me_By_Your_Name.mov,Y:\Films_converted,00:00:03:12,23.976,48000,2,1920 x 1080,Cineform HD,00:31:08:17,00:31:12:05,44849,44932,84,10,16,Auto,2,Fri Jul 20 23:08:27 2018
Call_Me_By_Your_Name.mov,Y:\Films_converted,00:00:05:12,23.976,48000,2,1920 x 1080,Cineform HD,00:31:12:05,00:31:17:17,44933,45064,132,10,16,Auto,2,Fri Jul 20 23:08:27 2018
Call_Me_By_Your_Name.mov,Y:\Films_converted,00:00:06:01,23.976,48000,2,1920 x 1080,Cineform HD,00:31:17:17,00:31:23:18,45065,45209,145,10,16,Auto,2,Fri Jul 20 23:08:27 2018
Call_Me_By_Your_Name.mov,Y:\Films_converted,00:00:01:05,23.976,48000,2,1920 x 1080,Cineform HD,00:31:23:18,00:31:24:23,45210,45238,29,10,16,Auto,2,Fri Jul 20 23:08:27 2018
Call_Me_By_Your_Name.mov,Y:\Films_converted,00:00:06:15,23.976,48000,2,1920 x 1080,Cineform HD,00:31:24:23,00:31:31:14,45239,45397,159,10,16,Auto,2,Fri Jul 20 23:08:27 2018
Call_Me_By_Your_Name.mov,Y:\Films_converted,00:00:03:14,23.976,48000,2,1920 x 1080,Cineform HD,00:31:31:14,00:31:35:04,45398,45483,86,10,16,Auto,2,Fri Jul 20 23:08:27 2018
Call_Me_By_Your_Name.mov,Y:\Films_converted,00:00:05:16,23.976,48000,2,1920 x 1080,Cineform HD,00:31:35:04,00:31:40:20,45484,45619,136,10,16,Auto,2,Fri Jul 20 23:08:27 2018
Call_Me_By_Your_Name.mov,Y:\Films_converted,00:00:04:14,23.976,48000,2,1920 x 1080,Cineform HD,00:31:40:20,00:31:45:10,45620,45729,110,10,16,Auto,2,Fri Jul 20 23:08:27 2018
Call_Me_By_Your_Name.mov,Y:\Films_converted,00:00:04:02,23.976,48000,2,1920 x 1080,Cineform HD,00:31:45:10,00:31:49:12,45730,45827,98,10,16,Auto,2,Fri Jul 20 23:08:27 2018
Call_Me_By_Your_Name.mov,Y:\Films_converted,00:00:04:00,23.976,48000,2,1920 x 1080,Cineform HD,00:31:49:12,00:31:53:12,45828,45923,96,10,16,Auto,2,Fri Jul 20 23:08:27 2018
Call_Me_By_Your_Name.mov,Y:\Films_converted,00:00:37:03,23.976,48000,2,1920 x 1080,Cineform HD,00:31:53:12,00:32:30:15,45924,46814,891,10,16,Auto,2,Fri Jul 20 23:08:27 2018
Call_Me_By_Your_Name.mov,Y:\Films_converted,00:00:12:23,23.976,48000,2,1920 x 1080,Cineform HD,00:32:30:15,00:32:43:14,46815,47125,311,10,16,Auto,2,Fri Jul 20 23:08:27 2018
Call_Me_By_Your_Name.mov,Y:\Films_converted,00:00:28:19,23.976,48000,2,1920 x 1080,Cineform HD,00:32:43:14,00:33:12:09,47126,47816,691,10,16,Auto,2,Fri Jul 20 23:08:27 2018
Call_Me_By_Your_Name.mov,Y:\Films_converted,00:00:31:05,23.976,48000,2,1920 x 1080,Cineform HD,00:33:12:09,00:33:43:14,47817,48565,749,10,16,Auto,2,Fri Jul 20 23:08:27 2018
Call_Me_By_Your_Name.mov,Y:\Films_converted,00:00:11:06,23.976,48000,2,1920 x 1080,Cineform HD,00:33:43:14,00:33:54:20,48566,48835,270,10,16,Auto,2,Fri Jul 20 23:08:27 2018
Call_Me_By_Your_Name.mov,Y:\Films_converted,00:00:03:04,23.976,48000,2,1920 x 1080,Cineform HD,00:33:54:20,00:33:58:00,48836,48911,76,10,16,Auto,2,Fri Jul 20 23:08:27 2018
Call_Me_By_Your_Name.mov,Y:\Films_converted,00:00:03:23,23.976,48000,2,1920 x 1080,Cineform HD,00:33:58:00,00:34:01:23,48912,49006,95,10,16,Auto,2,Fri Jul 20 23:08:27 2018
Call_Me_By_Your_Name.mov,Y:\Films_converted,00:00:07:01,23.976,48000,2,1920 x 1080,Cineform HD,00:34:01:23,00:34:09:00,49007,49175,169,10,16,Auto,2,Fri Jul 20 23:08:27 2018
Call_Me_By_Your_Name.mov,Y:\Films_converted,00:00:11:20,23.976,48000,2,1920 x 1080,Cineform HD,00:34:09:00,00:34:20:20,49176,49459,284,10,16,Auto,2,Fri Jul 20 23:08:27 2018
Call_Me_By_Your_Name.mov,Y:\Films_converted,00:00:03:05,23.976,48000,2,1920 x 1080,Cineform HD,00:34:20:20,00:34:24:01,49460,49536,77,10,16,Auto,2,Fri Jul 20 23:08:27 2018
Call_Me_By_Your_Name.mov,Y:\Films_converted,00:00:02:05,23.976,48000,2,1920 x 1080,Cineform HD,00:34:24:01,00:34:26:06,49537,49589,53,10,16,Auto,2,Fri Jul 20 23:08:27 2018
Call_Me_By_Your_Name.mov,Y:\Films_converted,00:00:04:00,23.976,48000,2,1920 x 1080,Cineform HD,00:34:26:06,00:34:30:06,49590,49685,96,10,16,Auto,2,Fri Jul 20 23:08:27 2018
Call_Me_By_Your_Name.mov,Y:\Films_converted,00:00:02:18,23.976,48000,2,1920 x 1080,Cineform HD,00:34:30:06,00:34:33:00,49686,49751,66,10,16,Auto,2,Fri Jul 20 23:08:27 2018
Call_Me_By_Your_Name.mov,Y:\Films_converted,00:00:06:15,23.976,48000,2,1920 x 1080,Cineform HD,00:34:33:00,00:34:39:15,49752,49910,159,10,16,Auto,2,Fri Jul 20 23:08:27 2018
Call_Me_By_Your_Name.mov,Y:\Films_converted,00:00:02:09,23.976,48000,2,1920 x 1080,Cineform HD,00:34:39:15,00:34:42:00,49911,49967,57,10,16,Auto,2,Fri Jul 20 23:08:27 2018
Call_Me_By_Your_Name.mov,Y:\Films_converted,00:00:01:18,23.976,48000,2,1920 x 1080,Cineform HD,00:34:42:00,00:34:43:18,49968,50009,42,10,16,Auto,2,Fri Jul 20 23:08:27 2018
Call_Me_By_Your_Name.mov,Y:\Films_converted,00:00:04:09,23.976,48000,2,1920 x 1080,Cineform HD,00:34:43:18,00:34:48:03,50010,50114,105,10,16,Auto,2,Fri Jul 20 23:08:27 2018
Call_Me_By_Your_Name.mov,Y:\Films_converted,00:00:02:06,23.976,48000,2,1920 x 1080,Cineform HD,00:34:48:03,00:34:50:09,50115,50168,54,10,16,Auto,2,Fri Jul 20 23:08:27 2018
Call_Me_By_Your_Name.mov,Y:\Films_converted,00:00:04:18,23.976,48000,2,1920 x 1080,Cineform HD,00:34:50:09,00:34:55:03,50169,50282,114,10,16,Auto,2,Fri Jul 20 23:08:27 2018
Call_Me_By_Your_Name.mov,Y:\Films_converted,00:00:04:14,23.976,48000,2,1920 x 1080,Cineform HD,00:34:55:03,00:34:59:17,50283,50392,110,10,16,Auto,2,Fri Jul 20 23:08:27 2018
Call_Me_By_Your_Name.mov,Y:\Films_converted,00:00:02:02,23.976,48000,2,1920 x 1080,Cineform HD,00:34:59:17,00:35:01:19,50393,50442,50,10,16,Auto,2,Fri Jul 20 23:08:27 2018
Call_Me_By_Your_Name.mov,Y:\Films_converted,00:00:01:16,23.976,48000,2,1920 x 1080,Cineform HD,00:35:01:19,00:35:03:11,50443,50482,40,10,16,Auto,2,Fri Jul 20 23:08:27 2018
Call_Me_By_Your_Name.mov,Y:\Films_converted,00:00:02:00,23.976,48000,2,1920 x 1080,Cineform HD,00:35:03:11,00:35:05:11,50483,50530,48,10,16,Auto,2,Fri Jul 20 23:08:27 2018
Call_Me_By_Your_Name.mov,Y:\Films_converted,00:00:20:18,23.976,48000,2,1920 x 1080,Cineform HD,00:35:05:11,00:35:26:05,50531,51028,498,10,16,Auto,2,Fri Jul 20 23:08:27 2018
Call_Me_By_Your_Name.mov,Y:\Films_converted,00:00:04:12,23.976,48000,2,1920 x 1080,Cineform HD,00:35:26:05,00:35:30:17,51029,51136,108,10,16,Auto,2,Fri Jul 20 23:08:27 2018
Call_Me_By_Your_Name.mov,Y:\Films_converted,00:00:06:09,23.976,48000,2,1920 x 1080,Cineform HD,00:35:30:17,00:35:37:02,51137,51289,153,10,16,Auto,2,Fri Jul 20 23:08:27 2018
Call_Me_By_Your_Name.mov,Y:\Films_converted,00:00:05:07,23.976,48000,2,1920 x 1080,Cineform HD,00:35:37:02,00:35:42:09,51290,51416,127,10,16,Auto,2,Fri Jul 20 23:08:27 2018
Call_Me_By_Your_Name.mov,Y:\Films_converted,00:00:05:02,23.976,48000,2,1920 x 1080,Cineform HD,00:35:42:09,00:35:47:11,51417,51538,122,10,16,Auto,2,Fri Jul 20 23:08:27 2018
Call_Me_By_Your_Name.mov,Y:\Films_converted,00:00:05:20,23.976,48000,2,1920 x 1080,Cineform HD,00:35:47:11,00:35:53:07,51539,51678,140,10,16,Auto,2,Fri Jul 20 23:08:27 2018
Call_Me_By_Your_Name.mov,Y:\Films_converted,00:00:08:01,23.976,48000,2,1920 x 1080,Cineform HD,00:35:53:07,00:36:01:08,51679,51871,193,10,16,Auto,2,Fri Jul 20 23:08:27 2018
Call_Me_By_Your_Name.mov,Y:\Films_converted,00:00:02:11,23.976,48000,2,1920 x 1080,Cineform HD,00:36:01:08,00:36:03:19,51872,51930,59,10,16,Auto,2,Fri Jul 20 23:08:27 2018
Call_Me_By_Your_Name.mov,Y:\Films_converted,00:00:06:00,23.976,48000,2,1920 x 1080,Cineform HD,00:36:03:19,00:36:09:19,51931,52074,144,10,16,Auto,2,Fri Jul 20 23:08:27 2018
Call_Me_By_Your_Name.mov,Y:\Films_converted,00:00:04:12,23.976,48000,2,1920 x 1080,Cineform HD,00:36:09:19,00:36:14:07,52075,52182,108,10,16,Auto,2,Fri Jul 20 23:08:27 2018
Call_Me_By_Your_Name.mov,Y:\Films_converted,00:00:06:09,23.976,48000,2,1920 x 1080,Cineform HD,00:36:14:07,00:36:20:16,52183,52335,153,10,16,Auto,2,Fri Jul 20 23:08:27 2018
Call_Me_By_Your_Name.mov,Y:\Films_converted,00:00:05:06,23.976,48000,2,1920 x 1080,Cineform HD,00:36:20:16,00:36:25:22,52336,52461,126,10,16,Auto,2,Fri Jul 20 23:08:27 2018
Call_Me_By_Your_Name.mov,Y:\Films_converted,00:00:05:08,23.976,48000,2,1920 x 1080,Cineform HD,00:36:25:22,00:36:31:06,52462,52589,128,10,16,Auto,2,Fri Jul 20 23:08:27 2018
Call_Me_By_Your_Name.mov,Y:\Films_converted,00:00:05:15,23.976,48000,2,1920 x 1080,Cineform HD,00:36:31:06,00:36:36:21,52590,52724,135,10,16,Auto,2,Fri Jul 20 23:08:27 2018
Call_Me_By_Your_Name.mov,Y:\Films_converted,00:00:23:23,23.976,48000,2,1920 x 1080,Cineform HD,00:36:36:21,00:37:00:20,52725,53299,575,10,16,Auto,2,Fri Jul 20 23:08:27 2018
Call_Me_By_Your_Name.mov,Y:\Films_converted,00:00:18:04,23.976,48000,2,1920 x 1080,Cineform HD,00:37:00:20,00:37:19:00,53300,53735,436,10,16,Auto,2,Fri Jul 20 23:08:27 2018
Call_Me_By_Your_Name.mov,Y:\Films_converted,00:00:10:04,23.976,48000,2,1920 x 1080,Cineform HD,00:37:19:00,00:37:29:04,53736,53979,244,10,16,Auto,2,Fri Jul 20 23:08:27 2018
Call_Me_By_Your_Name.mov,Y:\Films_converted,00:00:12:09,23.976,48000,2,1920 x 1080,Cineform HD,00:37:29:04,00:37:41:13,53980,54276,297,10,16,Auto,2,Fri Jul 20 23:08:27 2018
Call_Me_By_Your_Name.mov,Y:\Films_converted,00:00:04:13,23.976,48000,2,1920 x 1080,Cineform HD,00:37:41:13,00:37:46:02,54277,54385,109,10,16,Auto,2,Fri Jul 20 23:08:27 2018
Call_Me_By_Your_Name.mov,Y:\Films_converted,00:00:04:05,23.976,48000,2,1920 x 1080,Cineform HD,00:37:46:02,00:37:50:07,54386,54486,101,10,16,Auto,2,Fri Jul 20 23:08:27 2018
Call_Me_By_Your_Name.mov,Y:\Films_converted,00:00:03:23,23.976,48000,2,1920 x 1080,Cineform HD,00:37:50:07,00:37:54:06,54487,54581,95,10,16,Auto,2,Fri Jul 20 23:08:27 2018
Call_Me_By_Your_Name.mov,Y:\Films_converted,00:00:18:02,23.976,48000,2,1920 x 1080,Cineform HD,00:37:54:06,00:38:12:08,54582,55015,434,10,16,Auto,2,Fri Jul 20 23:08:27 2018
Call_Me_By_Your_Name.mov,Y:\Films_converted,00:00:28:07,23.976,48000,2,1920 x 1080,Cineform HD,00:38:12:08,00:38:40:15,55016,55694,679,10,16,Auto,2,Fri Jul 20 23:08:27 2018
Call_Me_By_Your_Name.mov,Y:\Films_converted,00:00:05:21,23.976,48000,2,1920 x 1080,Cineform HD,00:38:40:15,00:38:46:12,55695,55835,141,10,16,Auto,2,Fri Jul 20 23:08:27 2018
Call_Me_By_Your_Name.mov,Y:\Films_converted,00:00:03:16,23.976,48000,2,1920 x 1080,Cineform HD,00:38:46:12,00:38:50:04,55836,55923,88,10,16,Auto,2,Fri Jul 20 23:08:27 2018
Call_Me_By_Your_Name.mov,Y:\Films_converted,00:00:17:15,23.976,48000,2,1920 x 1080,Cineform HD,00:38:50:04,00:39:07:19,55924,56346,423,10,16,Auto,2,Fri Jul 20 23:08:27 2018
Call_Me_By_Your_Name.mov,Y:\Films_converted,00:00:04:17,23.976,48000,2,1920 x 1080,Cineform HD,00:39:07:19,00:39:12:12,56347,56459,113,10,16,Auto,2,Fri Jul 20 23:08:27 2018
Call_Me_By_Your_Name.mov,Y:\Films_converted,00:00:06:23,23.976,48000,2,1920 x 1080,Cineform HD,00:39:12:12,00:39:19:11,56460,56626,167,10,16,Auto,2,Fri Jul 20 23:08:27 2018
Call_Me_By_Your_Name.mov,Y:\Films_converted,00:00:24:18,23.976,48000,2,1920 x 1080,Cineform HD,00:39:19:11,00:39:44:05,56627,57220,594,10,16,Auto,2,Fri Jul 20 23:08:27 2018
Call_Me_By_Your_Name.mov,Y:\Films_converted,00:01:38:12,23.976,48000,2,1920 x 1080,Cineform HD,00:39:44:05,00:41:22:17,57221,59584,2364,10,16,Auto,2,Fri Jul 20 23:08:27 2018
Call_Me_By_Your_Name.mov,Y:\Films_converted,00:00:21:07,23.976,48000,2,1920 x 1080,Cineform HD,00:41:22:17,00:41:44:00,59585,60095,511,10,16,Auto,2,Fri Jul 20 23:08:27 2018
Call_Me_By_Your_Name.mov,Y:\Films_converted,00:00:35:10,23.976,48000,2,1920 x 1080,Cineform HD,00:41:44:00,00:42:19:10,60096,60945,850,10,16,Auto,2,Fri Jul 20 23:08:27 2018
Call_Me_By_Your_Name.mov,Y:\Films_converted,00:00:03:05,23.976,48000,2,1920 x 1080,Cineform HD,00:42:19:10,00:42:22:15,60946,61022,77,10,16,Auto,2,Fri Jul 20 23:08:27 2018
Call_Me_By_Your_Name.mov,Y:\Films_converted,00:00:05:23,23.976,48000,2,1920 x 1080,Cineform HD,00:42:22:15,00:42:28:14,61023,61165,143,10,16,Auto,2,Fri Jul 20 23:08:27 2018
Call_Me_By_Your_Name.mov,Y:\Films_converted,00:01:58:20,23.976,48000,2,1920 x 1080,Cineform HD,00:42:28:14,00:44:27:10,61166,64017,2852,10,16,Auto,2,Fri Jul 20 23:08:27 2018
Call_Me_By_Your_Name.mov,Y:\Films_converted,00:00:11:05,23.976,48000,2,1920 x 1080,Cineform HD,00:44:27:10,00:44:38:15,64018,64286,269,10,16,Auto,2,Fri Jul 20 23:08:27 2018
Call_Me_By_Your_Name.mov,Y:\Films_converted,00:00:05:00,23.976,48000,2,1920 x 1080,Cineform HD,00:44:38:15,00:44:43:15,64287,64406,120,10,16,Auto,2,Fri Jul 20 23:08:27 2018
Call_Me_By_Your_Name.mov,Y:\Films_converted,00:00:31:08,23.976,48000,2,1920 x 1080,Cineform HD,00:44:43:15,00:45:14:23,64407,65158,752,10,16,Auto,2,Fri Jul 20 23:08:27 2018
Call_Me_By_Your_Name.mov,Y:\Films_converted,00:00:09:02,23.976,48000,2,1920 x 1080,Cineform HD,00:45:14:23,00:45:24:01,65159,65376,218,10,16,Auto,2,Fri Jul 20 23:08:27 2018
Call_Me_By_Your_Name.mov,Y:\Films_converted,00:00:01:17,23.976,48000,2,1920 x 1080,Cineform HD,00:45:24:01,00:45:25:18,65377,65417,41,10,16,Auto,2,Fri Jul 20 23:08:27 2018
Call_Me_By_Your_Name.mov,Y:\Films_converted,00:00:02:19,23.976,48000,2,1920 x 1080,Cineform HD,00:45:25:18,00:45:28:13,65418,65484,67,10,16,Auto,2,Fri Jul 20 23:08:27 2018
Call_Me_By_Your_Name.mov,Y:\Films_converted,00:00:01:06,23.976,48000,2,1920 x 1080,Cineform HD,00:45:28:13,00:45:29:19,65485,65514,30,10,16,Auto,2,Fri Jul 20 23:08:27 2018
Call_Me_By_Your_Name.mov,Y:\Films_converted,00:00:13:07,23.976,48000,2,1920 x 1080,Cineform HD,00:45:29:19,00:45:43:02,65515,65833,319,10,16,Auto,2,Fri Jul 20 23:08:27 2018
Call_Me_By_Your_Name.mov,Y:\Films_converted,00:00:01:07,23.976,48000,2,1920 x 1080,Cineform HD,00:45:43:02,00:45:44:09,65834,65864,31,10,16,Auto,2,Fri Jul 20 23:08:27 2018
Call_Me_By_Your_Name.mov,Y:\Films_converted,00:00:02:21,23.976,48000,2,1920 x 1080,Cineform HD,00:45:44:09,00:45:47:06,65865,65933,69,10,16,Auto,2,Fri Jul 20 23:08:27 2018
Call_Me_By_Your_Name.mov,Y:\Films_converted,00:00:03:02,23.976,48000,2,1920 x 1080,Cineform HD,00:45:47:06,00:45:50:08,65934,66007,74,10,16,Auto,2,Fri Jul 20 23:08:27 2018
Call_Me_By_Your_Name.mov,Y:\Films_converted,00:00:00:23,23.976,48000,2,1920 x 1080,Cineform HD,00:45:50:08,00:45:51:07,66008,66030,23,10,16,Auto,2,Fri Jul 20 23:08:27 2018
Call_Me_By_Your_Name.mov,Y:\Films_converted,00:00:02:16,23.976,48000,2,1920 x 1080,Cineform HD,00:45:51:07,00:45:53:23,66031,66094,64,10,16,Auto,2,Fri Jul 20 23:08:27 2018
Call_Me_By_Your_Name.mov,Y:\Films_converted,00:00:15:02,23.976,48000,2,1920 x 1080,Cineform HD,00:45:53:23,00:46:09:01,66095,66456,362,10,16,Auto,2,Fri Jul 20 23:08:27 2018
Call_Me_By_Your_Name.mov,Y:\Films_converted,00:00:15:13,23.976,48000,2,1920 x 1080,Cineform HD,00:46:09:01,00:46:24:14,66457,66829,373,10,16,Auto,2,Fri Jul 20 23:08:27 2018
Call_Me_By_Your_Name.mov,Y:\Films_converted,00:00:11:12,23.976,48000,2,1920 x 1080,Cineform HD,00:46:24:14,00:46:36:02,66830,67105,276,10,16,Auto,2,Fri Jul 20 23:08:27 2018
Call_Me_By_Your_Name.mov,Y:\Films_converted,00:04:30:00,23.976,48000,2,1920 x 1080,Cineform HD,00:46:36:02,00:51:06:02,67106,73585,6480,10,16,Auto,2,Fri Jul 20 23:08:27 2018
Call_Me_By_Your_Name.mov,Y:\Films_converted,00:00:54:13,23.976,48000,2,1920 x 1080,Cineform HD,00:51:06:02,00:52:00:15,73586,74894,1309,10,16,Auto,2,Fri Jul 20 23:08:27 2018
Call_Me_By_Your_Name.mov,Y:\Films_converted,00:00:23:13,23.976,48000,2,1920 x 1080,Cineform HD,00:52:00:15,00:52:24:04,74895,75459,565,10,16,Auto,2,Fri Jul 20 23:08:27 2018
Call_Me_By_Your_Name.mov,Y:\Films_converted,00:00:23:23,23.976,48000,2,1920 x 1080,Cineform HD,00:52:24:04,00:52:48:03,75460,76034,575,10,16,Auto,2,Fri Jul 20 23:08:27 2018
Call_Me_By_Your_Name.mov,Y:\Films_converted,00:00:05:19,23.976,48000,2,1920 x 1080,Cineform HD,00:52:48:03,00:52:53:22,76035,76173,139,10,16,Auto,2,Fri Jul 20 23:08:27 2018
Call_Me_By_Your_Name.mov,Y:\Films_converted,00:00:11:04,23.976,48000,2,1920 x 1080,Cineform HD,00:52:53:22,00:53:05:02,76174,76441,268,10,16,Auto,2,Fri Jul 20 23:08:27 2018
Call_Me_By_Your_Name.mov,Y:\Films_converted,00:00:13:22,23.976,48000,2,1920 x 1080,Cineform HD,00:53:05:02,00:53:19:00,76442,76775,334,10,16,Auto,2,Fri Jul 20 23:08:27 2018
Call_Me_By_Your_Name.mov,Y:\Films_converted,00:00:06:18,23.976,48000,2,1920 x 1080,Cineform HD,00:53:19:00,00:53:25:18,76776,76937,162,10,16,Auto,2,Fri Jul 20 23:08:27 2018
Call_Me_By_Your_Name.mov,Y:\Films_converted,00:00:36:06,23.976,48000,2,1920 x 1080,Cineform HD,00:53:25:18,00:54:02:00,76938,77807,870,10,16,Auto,2,Fri Jul 20 23:08:27 2018
Call_Me_By_Your_Name.mov,Y:\Films_converted,00:00:06:03,23.976,48000,2,1920 x 1080,Cineform HD,00:54:02:00,00:54:08:03,77808,77954,147,10,16,Auto,2,Fri Jul 20 23:08:27 2018
Call_Me_By_Your_Name.mov,Y:\Films_converted,00:00:11:20,23.976,48000,2,1920 x 1080,Cineform HD,00:54:08:03,00:54:19:23,77955,78238,284,10,16,Auto,2,Fri Jul 20 23:08:27 2018
Call_Me_By_Your_Name.mov,Y:\Films_converted,00:00:03:17,23.976,48000,2,1920 x 1080,Cineform HD,00:54:19:23,00:54:23:16,78239,78327,89,10,16,Auto,2,Fri Jul 20 23:08:27 2018
Call_Me_By_Your_Name.mov,Y:\Films_converted,00:00:02:18,23.976,48000,2,1920 x 1080,Cineform HD,00:54:23:16,00:54:26:10,78328,78393,66,10,16,Auto,2,Fri Jul 20 23:08:27 2018
Call_Me_By_Your_Name.mov,Y:\Films_converted,00:00:19:11,23.976,48000,2,1920 x 1080,Cineform HD,00:54:26:10,00:54:45:21,78394,78860,467,10,16,Auto,2,Fri Jul 20 23:08:27 2018
Call_Me_By_Your_Name.mov,Y:\Films_converted,00:00:02:21,23.976,48000,2,1920 x 1080,Cineform HD,00:54:45:21,00:54:48:18,78861,78929,69,10,16,Auto,2,Fri Jul 20 23:08:27 2018
Call_Me_By_Your_Name.mov,Y:\Films_converted,00:00:14:00,23.976,48000,2,1920 x 1080,Cineform HD,00:54:48:18,00:55:02:18,78930,79265,336,10,16,Auto,2,Fri Jul 20 23:08:27 2018
Call_Me_By_Your_Name.mov,Y:\Films_converted,00:00:05:13,23.976,48000,2,1920 x 1080,Cineform HD,00:55:02:18,00:55:08:07,79266,79398,133,10,16,Auto,2,Fri Jul 20 23:08:27 2018
Call_Me_By_Your_Name.mov,Y:\Films_converted,00:01:42:22,23.976,48000,2,1920 x 1080,Cineform HD,00:55:08:07,00:56:51:05,79399,81868,2470,10,16,Auto,2,Fri Jul 20 23:08:27 2018
Call_Me_By_Your_Name.mov,Y:\Films_converted,00:00:24:05,23.976,48000,2,1920 x 1080,Cineform HD,00:56:51:05,00:57:15:10,81869,82449,581,10,16,Auto,2,Fri Jul 20 23:08:27 2018
Call_Me_By_Your_Name.mov,Y:\Films_converted,00:00:15:00,23.976,48000,2,1920 x 1080,Cineform HD,00:57:15:10,00:57:30:10,82450,82809,360,10,16,Auto,2,Fri Jul 20 23:08:27 2018
Call_Me_By_Your_Name.mov,Y:\Films_converted,00:00:02:00,23.976,48000,2,1920 x 1080,Cineform HD,00:57:30:10,00:57:32:10,82810,82857,48,10,16,Auto,2,Fri Jul 20 23:08:27 2018
Call_Me_By_Your_Name.mov,Y:\Films_converted,00:00:03:13,23.976,48000,2,1920 x 1080,Cineform HD,00:57:32:10,00:57:35:23,82858,82942,85,10,16,Auto,2,Fri Jul 20 23:08:27 2018
Call_Me_By_Your_Name.mov,Y:\Films_converted,00:00:03:01,23.976,48000,2,1920 x 1080,Cineform HD,00:57:35:23,00:57:39:00,82943,83015,73,10,16,Auto,2,Fri Jul 20 23:08:27 2018
Call_Me_By_Your_Name.mov,Y:\Films_converted,00:00:06:17,23.976,48000,2,1920 x 1080,Cineform HD,00:57:39:00,00:57:45:17,83016,83176,161,10,16,Auto,2,Fri Jul 20 23:08:27 2018
Call_Me_By_Your_Name.mov,Y:\Films_converted,00:00:05:14,23.976,48000,2,1920 x 1080,Cineform HD,00:57:45:17,00:57:51:07,83177,83310,134,10,16,Auto,2,Fri Jul 20 23:08:27 2018
Call_Me_By_Your_Name.mov,Y:\Films_converted,00:00:05:21,23.976,48000,2,1920 x 1080,Cineform HD,00:57:51:07,00:57:57:04,83311,83451,141,10,16,Auto,2,Fri Jul 20 23:08:27 2018
Call_Me_By_Your_Name.mov,Y:\Films_converted,00:00:10:08,23.976,48000,2,1920 x 1080,Cineform HD,00:57:57:04,00:58:07:12,83452,83699,248,10,16,Auto,2,Fri Jul 20 23:08:27 2018
Call_Me_By_Your_Name.mov,Y:\Films_converted,00:00:02:01,23.976,48000,2,1920 x 1080,Cineform HD,00:58:07:12,00:58:09:13,83700,83748,49,10,16,Auto,2,Fri Jul 20 23:08:27 2018
Call_Me_By_Your_Name.mov,Y:\Films_converted,00:00:06:22,23.976,48000,2,1920 x 1080,Cineform HD,00:58:09:13,00:58:16:11,83749,83914,166,10,16,Auto,2,Fri Jul 20 23:08:27 2018
Call_Me_By_Your_Name.mov,Y:\Films_converted,00:00:06:00,23.976,48000,2,1920 x 1080,Cineform HD,00:58:16:11,00:58:22:11,83915,84058,144,10,16,Auto,2,Fri Jul 20 23:08:27 2018
Call_Me_By_Your_Name.mov,Y:\Films_converted,00:00:04:13,23.976,48000,2,1920 x 1080,Cineform HD,00:58:22:11,00:58:27:00,84059,84167,109,10,16,Auto,2,Fri Jul 20 23:08:27 2018
Call_Me_By_Your_Name.mov,Y:\Films_converted,00:00:02:15,23.976,48000,2,1920 x 1080,Cineform HD,00:58:27:00,00:58:29:15,84168,84230,63,10,16,Auto,2,Fri Jul 20 23:08:27 2018
Call_Me_By_Your_Name.mov,Y:\Films_converted,00:00:11:02,23.976,48000,2,1920 x 1080,Cineform HD,00:58:29:15,00:58:40:17,84231,84496,266,10,16,Auto,2,Fri Jul 20 23:08:27 2018
Call_Me_By_Your_Name.mov,Y:\Films_converted,00:00:05:04,23.976,48000,2,1920 x 1080,Cineform HD,00:58:40:17,00:58:45:21,84497,84620,124,10,16,Auto,2,Fri Jul 20 23:08:27 2018
Call_Me_By_Your_Name.mov,Y:\Films_converted,00:00:05:06,23.976,48000,2,1920 x 1080,Cineform HD,00:58:45:21,00:58:51:03,84621,84746,126,10,16,Auto,2,Fri Jul 20 23:08:27 2018
Call_Me_By_Your_Name.mov,Y:\Films_converted,00:00:02:10,23.976,48000,2,1920 x 1080,Cineform HD,00:58:51:03,00:58:53:13,84747,84804,58,10,16,Auto,2,Fri Jul 20 23:08:27 2018
Call_Me_By_Your_Name.mov,Y:\Films_converted,00:00:01:10,23.976,48000,2,1920 x 1080,Cineform HD,00:58:53:13,00:58:54:23,84805,84838,34,10,16,Auto,2,Fri Jul 20 23:08:27 2018
Call_Me_By_Your_Name.mov,Y:\Films_converted,00:00:00:20,23.976,48000,2,1920 x 1080,Cineform HD,00:58:54:23,00:58:55:19,84839,84858,20,10,16,Auto,2,Fri Jul 20 23:08:27 2018
Call_Me_By_Your_Name.mov,Y:\Films_converted,00:00:04:21,23.976,48000,2,1920 x 1080,Cineform HD,00:58:55:19,00:59:00:16,84859,84975,117,10,16,Auto,2,Fri Jul 20 23:08:27 2018
Call_Me_By_Your_Name.mov,Y:\Films_converted,00:00:01:01,23.976,48000,2,1920 x 1080,Cineform HD,00:59:00:16,00:59:01:17,84976,85000,25,10,16,Auto,2,Fri Jul 20 23:08:27 2018
Call_Me_By_Your_Name.mov,Y:\Films_converted,00:00:11:02,23.976,48000,2,1920 x 1080,Cineform HD,00:59:01:17,00:59:12:19,85001,85266,266,10,16,Auto,2,Fri Jul 20 23:08:27 2018
Call_Me_By_Your_Name.mov,Y:\Films_converted,00:00:03:02,23.976,48000,2,1920 x 1080,Cineform HD,00:59:12:19,00:59:15:21,85267,85340,74,10,16,Auto,2,Fri Jul 20 23:08:27 2018
Call_Me_By_Your_Name.mov,Y:\Films_converted,00:00:02:18,23.976,48000,2,1920 x 1080,Cineform HD,00:59:15:21,00:59:18:15,85341,85406,66,10,16,Auto,2,Fri Jul 20 23:08:27 2018
Call_Me_By_Your_Name.mov,Y:\Films_converted,00:00:01:07,23.976,48000,2,1920 x 1080,Cineform HD,00:59:18:15,00:59:19:22,85407,85437,31,10,16,Auto,2,Fri Jul 20 23:08:27 2018
Call_Me_By_Your_Name.mov,Y:\Films_converted,00:00:03:07,23.976,48000,2,1920 x 1080,Cineform HD,00:59:19:22,00:59:23:05,85438,85516,79,10,16,Auto,2,Fri Jul 20 23:08:27 2018
Call_Me_By_Your_Name.mov,Y:\Films_converted,00:00:01:08,23.976,48000,2,1920 x 1080,Cineform HD,00:59:23:05,00:59:24:13,85517,85548,32,10,16,Auto,2,Fri Jul 20 23:08:27 2018
Call_Me_By_Your_Name.mov,Y:\Films_converted,00:00:01:09,23.976,48000,2,1920 x 1080,Cineform HD,00:59:24:13,00:59:25:22,85549,85581,33,10,16,Auto,2,Fri Jul 20 23:08:27 2018
Call_Me_By_Your_Name.mov,Y:\Films_converted,00:00:13:13,23.976,48000,2,1920 x 1080,Cineform HD,00:59:25:22,00:59:39:11,85582,85906,325,10,16,Auto,2,Fri Jul 20 23:08:27 2018
Call_Me_By_Your_Name.mov,Y:\Films_converted,00:00:22:19,23.976,48000,2,1920 x 1080,Cineform HD,00:59:39:11,01:00:02:06,85907,86453,547,10,16,Auto,2,Fri Jul 20 23:08:27 2018
Call_Me_By_Your_Name.mov,Y:\Films_converted,00:00:06:00,23.976,48000,2,1920 x 1080,Cineform HD,01:00:02:06,01:00:08:06,86454,86597,144,10,16,Auto,2,Fri Jul 20 23:08:27 2018
Call_Me_By_Your_Name.mov,Y:\Films_converted,00:00:01:19,23.976,48000,2,1920 x 1080,Cineform HD,01:00:08:06,01:00:10:01,86598,86640,43,10,16,Auto,2,Fri Jul 20 23:08:27 2018
Call_Me_By_Your_Name.mov,Y:\Films_converted,00:00:05:17,23.976,48000,2,1920 x 1080,Cineform HD,01:00:10:01,01:00:15:18,86641,86777,137,10,16,Auto,2,Fri Jul 20 23:08:27 2018
Call_Me_By_Your_Name.mov,Y:\Films_converted,00:00:01:22,23.976,48000,2,1920 x 1080,Cineform HD,01:00:15:18,01:00:17:16,86778,86823,46,10,16,Auto,2,Fri Jul 20 23:08:27 2018
Call_Me_By_Your_Name.mov,Y:\Films_converted,00:00:01:22,23.976,48000,2,1920 x 1080,Cineform HD,01:00:17:16,01:00:19:14,86824,86869,46,10,16,Auto,2,Fri Jul 20 23:08:27 2018
Call_Me_By_Your_Name.mov,Y:\Films_converted,00:00:02:13,23.976,48000,2,1920 x 1080,Cineform HD,01:00:19:14,01:00:22:03,86870,86930,61,10,16,Auto,2,Fri Jul 20 23:08:27 2018
Call_Me_By_Your_Name.mov,Y:\Films_converted,00:00:03:11,23.976,48000,2,1920 x 1080,Cineform HD,01:00:22:03,01:00:25:14,86931,87013,83,10,16,Auto,2,Fri Jul 20 23:08:27 2018
Call_Me_By_Your_Name.mov,Y:\Films_converted,00:00:02:07,23.976,48000,2,1920 x 1080,Cineform HD,01:00:25:14,01:00:27:21,87014,87068,55,10,16,Auto,2,Fri Jul 20 23:08:27 2018
Call_Me_By_Your_Name.mov,Y:\Films_converted,00:00:02:07,23.976,48000,2,1920 x 1080,Cineform HD,01:00:27:21,01:00:30:04,87069,87123,55,10,16,Auto,2,Fri Jul 20 23:08:27 2018
Call_Me_By_Your_Name.mov,Y:\Films_converted,00:00:03:04,23.976,48000,2,1920 x 1080,Cineform HD,01:00:30:04,01:00:33:08,87124,87199,76,10,16,Auto,2,Fri Jul 20 23:08:27 2018
Call_Me_By_Your_Name.mov,Y:\Films_converted,00:00:28:14,23.976,48000,2,1920 x 1080,Cineform HD,01:00:33:08,01:01:01:22,87200,87885,686,10,16,Auto,2,Fri Jul 20 23:08:27 2018
Call_Me_By_Your_Name.mov,Y:\Films_converted,00:00:14:04,23.976,48000,2,1920 x 1080,Cineform HD,01:01:01:22,01:01:16:02,87886,88225,340,10,16,Auto,2,Fri Jul 20 23:08:27 2018
Call_Me_By_Your_Name.mov,Y:\Films_converted,00:00:14:18,23.976,48000,2,1920 x 1080,Cineform HD,01:01:16:02,01:01:30:20,88226,88579,354,10,16,Auto,2,Fri Jul 20 23:08:27 2018
Call_Me_By_Your_Name.mov,Y:\Films_converted,00:00:23:09,23.976,48000,2,1920 x 1080,Cineform HD,01:01:30:20,01:01:54:05,88580,89140,561,10,16,Auto,2,Fri Jul 20 23:08:27 2018
Call_Me_By_Your_Name.mov,Y:\Films_converted,00:00:03:21,23.976,48000,2,1920 x 1080,Cineform HD,01:01:54:05,01:01:58:02,89141,89233,93,10,16,Auto,2,Fri Jul 20 23:08:27 2018
Call_Me_By_Your_Name.mov,Y:\Films_converted,00:00:02:22,23.976,48000,2,1920 x 1080,Cineform HD,01:01:58:02,01:02:01:00,89234,89303,70,10,16,Auto,2,Fri Jul 20 23:08:27 2018
Call_Me_By_Your_Name.mov,Y:\Films_converted,00:00:03:09,23.976,48000,2,1920 x 1080,Cineform HD,01:02:01:00,01:02:04:09,89304,89384,81,10,16,Auto,2,Fri Jul 20 23:08:27 2018
Call_Me_By_Your_Name.mov,Y:\Films_converted,00:00:24:11,23.976,48000,2,1920 x 1080,Cineform HD,01:02:04:09,01:02:28:20,89385,89971,587,10,16,Auto,2,Fri Jul 20 23:08:27 2018
Call_Me_By_Your_Name.mov,Y:\Films_converted,00:00:12:03,23.976,48000,2,1920 x 1080,Cineform HD,01:02:28:20,01:02:40:23,89972,90262,291,10,16,Auto,2,Fri Jul 20 23:08:27 2018
Call_Me_By_Your_Name.mov,Y:\Films_converted,00:00:37:21,23.976,48000,2,1920 x 1080,Cineform HD,01:02:40:23,01:03:18:20,90263,91171,909,10,16,Auto,2,Fri Jul 20 23:08:27 2018
Call_Me_By_Your_Name.mov,Y:\Films_converted,00:00:07:11,23.976,48000,2,1920 x 1080,Cineform HD,01:03:18:20,01:03:26:07,91172,91350,179,10,16,Auto,2,Fri Jul 20 23:08:27 2018
Call_Me_By_Your_Name.mov,Y:\Films_converted,00:00:11:13,23.976,48000,2,1920 x 1080,Cineform HD,01:03:26:07,01:03:37:20,91351,91627,277,10,16,Auto,2,Fri Jul 20 23:08:27 2018
Call_Me_By_Your_Name.mov,Y:\Films_converted,00:00:31:23,23.976,48000,2,1920 x 1080,Cineform HD,01:03:37:20,01:04:09:19,91628,92394,767,10,16,Auto,2,Fri Jul 20 23:08:27 2018
Call_Me_By_Your_Name.mov,Y:\Films_converted,00:00:38:02,23.976,48000,2,1920 x 1080,Cineform HD,01:04:09:19,01:04:47:21,92395,93308,914,10,16,Auto,2,Fri Jul 20 23:08:27 2018
Call_Me_By_Your_Name.mov,Y:\Films_converted,00:00:17:00,23.976,48000,2,1920 x 1080,Cineform HD,01:04:47:21,01:05:04:21,93309,93716,408,10,16,Auto,2,Fri Jul 20 23:08:27 2018
Call_Me_By_Your_Name.mov,Y:\Films_converted,00:01:12:11,23.976,48000,2,1920 x 1080,Cineform HD,01:05:04:21,01:06:17:08,93717,95455,1739,10,16,Auto,2,Fri Jul 20 23:08:27 2018
Call_Me_By_Your_Name.mov,Y:\Films_converted,00:00:13:03,23.976,48000,2,1920 x 1080,Cineform HD,01:06:17:08,01:06:30:11,95456,95770,315,10,16,Auto,2,Fri Jul 20 23:08:27 2018
Call_Me_By_Your_Name.mov,Y:\Films_converted,00:00:02:01,23.976,48000,2,1920 x 1080,Cineform HD,01:06:30:11,01:06:32:12,95771,95819,49,10,16,Auto,2,Fri Jul 20 23:08:27 2018
Call_Me_By_Your_Name.mov,Y:\Films_converted,00:00:04:20,23.976,48000,2,1920 x 1080,Cineform HD,01:06:32:12,01:06:37:08,95820,95935,116,10,16,Auto,2,Fri Jul 20 23:08:27 2018
Call_Me_By_Your_Name.mov,Y:\Films_converted,00:00:05:13,23.976,48000,2,1920 x 1080,Cineform HD,01:06:37:08,01:06:42:21,95936,96068,133,10,16,Auto,2,Fri Jul 20 23:08:27 2018
Call_Me_By_Your_Name.mov,Y:\Films_converted,00:00:05:11,23.976,48000,2,1920 x 1080,Cineform HD,01:06:42:21,01:06:48:08,96069,96199,131,10,16,Auto,2,Fri Jul 20 23:08:27 2018
Call_Me_By_Your_Name.mov,Y:\Films_converted,00:00:09:13,23.976,48000,2,1920 x 1080,Cineform HD,01:06:48:08,01:06:57:21,96200,96428,229,10,16,Auto,2,Fri Jul 20 23:08:27 2018
Call_Me_By_Your_Name.mov,Y:\Films_converted,00:00:29:02,23.976,48000,2,1920 x 1080,Cineform HD,01:06:57:21,01:07:26:23,96429,97126,698,10,16,Auto,2,Fri Jul 20 23:08:27 2018
Call_Me_By_Your_Name.mov,Y:\Films_converted,00:00:16:15,23.976,48000,2,1920 x 1080,Cineform HD,01:07:26:23,01:07:43:14,97127,97525,399,10,16,Auto,2,Fri Jul 20 23:08:27 2018
Call_Me_By_Your_Name.mov,Y:\Films_converted,00:00:16:08,23.976,48000,2,1920 x 1080,Cineform HD,01:07:43:14,01:07:59:22,97526,97917,392,10,16,Auto,2,Fri Jul 20 23:08:27 2018
Call_Me_By_Your_Name.mov,Y:\Films_converted,00:00:32:12,23.976,48000,2,1920 x 1080,Cineform HD,01:07:59:22,01:08:32:10,97918,98697,780,10,16,Auto,2,Fri Jul 20 23:08:27 2018
Call_Me_By_Your_Name.mov,Y:\Films_converted,00:00:30:18,23.976,48000,2,1920 x 1080,Cineform HD,01:08:32:10,01:09:03:04,98698,99435,738,10,16,Auto,2,Fri Jul 20 23:08:27 2018
Call_Me_By_Your_Name.mov,Y:\Films_converted,00:00:04:18,23.976,48000,2,1920 x 1080,Cineform HD,01:09:03:04,01:09:07:22,99436,99549,114,10,16,Auto,2,Fri Jul 20 23:08:27 2018
Call_Me_By_Your_Name.mov,Y:\Films_converted,00:00:41:10,23.976,48000,2,1920 x 1080,Cineform HD,01:09:07:22,01:09:49:08,99550,100543,994,10,16,Auto,2,Fri Jul 20 23:08:27 2018
Call_Me_By_Your_Name.mov,Y:\Films_converted,00:00:33:23,23.976,48000,2,1920 x 1080,Cineform HD,01:09:49:08,01:10:23:07,100544,101358,815,10,16,Auto,2,Fri Jul 20 23:08:27 2018
Call_Me_By_Your_Name.mov,Y:\Films_converted,00:00:09:04,23.976,48000,2,1920 x 1080,Cineform HD,01:10:23:07,01:10:32:11,101359,101578,220,10,16,Auto,2,Fri Jul 20 23:08:27 2018
Call_Me_By_Your_Name.mov,Y:\Films_converted,00:00:02:20,23.976,48000,2,1920 x 1080,Cineform HD,01:10:32:11,01:10:35:07,101579,101646,68,10,16,Auto,2,Fri Jul 20 23:08:27 2018
Call_Me_By_Your_Name.mov,Y:\Films_converted,00:00:03:11,23.976,48000,2,1920 x 1080,Cineform HD,01:10:35:07,01:10:38:18,101647,101729,83,10,16,Auto,2,Fri Jul 20 23:08:27 2018
Call_Me_By_Your_Name.mov,Y:\Films_converted,00:00:02:00,23.976,48000,2,1920 x 1080,Cineform HD,01:10:38:18,01:10:40:18,101730,101777,48,10,16,Auto,2,Fri Jul 20 23:08:27 2018
Call_Me_By_Your_Name.mov,Y:\Films_converted,00:00:02:04,23.976,48000,2,1920 x 1080,Cineform HD,01:10:40:18,01:10:42:22,101778,101829,52,10,16,Auto,2,Fri Jul 20 23:08:27 2018
Call_Me_By_Your_Name.mov,Y:\Films_converted,00:00:31:17,23.976,48000,2,1920 x 1080,Cineform HD,01:10:42:22,01:11:14:15,101830,102590,761,10,16,Auto,2,Fri Jul 20 23:08:27 2018
Call_Me_By_Your_Name.mov,Y:\Films_converted,00:00:03:12,23.976,48000,2,1920 x 1080,Cineform HD,01:11:14:15,01:11:18:03,102591,102674,84,10,16,Auto,2,Fri Jul 20 23:08:27 2018
Call_Me_By_Your_Name.mov,Y:\Films_converted,00:00:02:03,23.976,48000,2,1920 x 1080,Cineform HD,01:11:18:03,01:11:20:06,102675,102725,51,10,16,Auto,2,Fri Jul 20 23:08:27 2018
Call_Me_By_Your_Name.mov,Y:\Films_converted,00:00:04:01,23.976,48000,2,1920 x 1080,Cineform HD,01:11:20:06,01:11:24:07,102726,102822,97,10,16,Auto,2,Fri Jul 20 23:08:27 2018
Call_Me_By_Your_Name.mov,Y:\Films_converted,00:00:05:19,23.976,48000,2,1920 x 1080,Cineform HD,01:11:24:07,01:11:30:02,102823,102961,139,10,16,Auto,2,Fri Jul 20 23:08:27 2018
Call_Me_By_Your_Name.mov,Y:\Films_converted,00:00:03:19,23.976,48000,2,1920 x 1080,Cineform HD,01:11:30:02,01:11:33:21,102962,103052,91,10,16,Auto,2,Fri Jul 20 23:08:27 2018
Call_Me_By_Your_Name.mov,Y:\Films_converted,00:00:03:14,23.976,48000,2,1920 x 1080,Cineform HD,01:11:33:21,01:11:37:11,103053,103138,86,10,16,Auto,2,Fri Jul 20 23:08:27 2018
Call_Me_By_Your_Name.mov,Y:\Films_converted,00:00:40:20,23.976,48000,2,1920 x 1080,Cineform HD,01:11:37:11,01:12:18:07,103139,104118,980,10,16,Auto,2,Fri Jul 20 23:08:27 2018
Call_Me_By_Your_Name.mov,Y:\Films_converted,00:00:02:07,23.976,48000,2,1920 x 1080,Cineform HD,01:12:18:07,01:12:20:14,104119,104173,55,10,16,Auto,2,Fri Jul 20 23:08:27 2018
Call_Me_By_Your_Name.mov,Y:\Films_converted,00:00:04:01,23.976,48000,2,1920 x 1080,Cineform HD,01:12:20:14,01:12:24:15,104174,104270,97,10,16,Auto,2,Fri Jul 20 23:08:27 2018
Call_Me_By_Your_Name.mov,Y:\Films_converted,00:00:06:09,23.976,48000,2,1920 x 1080,Cineform HD,01:12:24:15,01:12:31:00,104271,104423,153,10,16,Auto,2,Fri Jul 20 23:08:27 2018
Call_Me_By_Your_Name.mov,Y:\Films_converted,00:00:05:00,23.976,48000,2,1920 x 1080,Cineform HD,01:12:31:00,01:12:36:00,104424,104543,120,10,16,Auto,2,Fri Jul 20 23:08:27 2018
Call_Me_By_Your_Name.mov,Y:\Films_converted,00:00:16:12,23.976,48000,2,1920 x 1080,Cineform HD,01:12:36:00,01:12:52:12,104544,104939,396,10,16,Auto,2,Fri Jul 20 23:08:27 2018
Call_Me_By_Your_Name.mov,Y:\Films_converted,00:00:36:21,23.976,48000,2,1920 x 1080,Cineform HD,01:12:52:12,01:13:29:09,104940,105824,885,10,16,Auto,2,Fri Jul 20 23:08:27 2018
Call_Me_By_Your_Name.mov,Y:\Films_converted,00:00:16:00,23.976,48000,2,1920 x 1080,Cineform HD,01:13:29:09,01:13:45:09,105825,106208,384,10,16,Auto,2,Fri Jul 20 23:08:27 2018
Call_Me_By_Your_Name.mov,Y:\Films_converted,00:00:29:01,23.976,48000,2,1920 x 1080,Cineform HD,01:13:45:09,01:14:14:10,106209,106905,697,10,16,Auto,2,Fri Jul 20 23:08:27 2018
Call_Me_By_Your_Name.mov,Y:\Films_converted,00:00:07:04,23.976,48000,2,1920 x 1080,Cineform HD,01:14:14:10,01:14:21:14,106906,107077,172,10,16,Auto,2,Fri Jul 20 23:08:27 2018
Call_Me_By_Your_Name.mov,Y:\Films_converted,00:00:05:08,23.976,48000,2,1920 x 1080,Cineform HD,01:14:21:14,01:14:26:22,107078,107205,128,10,16,Auto,2,Fri Jul 20 23:08:27 2018
Call_Me_By_Your_Name.mov,Y:\Films_converted,00:00:15:12,23.976,48000,2,1920 x 1080,Cineform HD,01:14:26:22,01:14:42:10,107206,107577,372,10,16,Auto,2,Fri Jul 20 23:08:27 2018
Call_Me_By_Your_Name.mov,Y:\Films_converted,00:00:03:12,23.976,48000,2,1920 x 1080,Cineform HD,01:14:42:10,01:14:45:22,107578,107661,84,10,16,Auto,2,Fri Jul 20 23:08:27 2018
Call_Me_By_Your_Name.mov,Y:\Films_converted,00:00:04:00,23.976,48000,2,1920 x 1080,Cineform HD,01:14:45:22,01:14:49:22,107662,107757,96,10,16,Auto,2,Fri Jul 20 23:08:27 2018
Call_Me_By_Your_Name.mov,Y:\Films_converted,00:00:08:21,23.976,48000,2,1920 x 1080,Cineform HD,01:14:49:22,01:14:58:19,107758,107970,213,10,16,Auto,2,Fri Jul 20 23:08:27 2018
Call_Me_By_Your_Name.mov,Y:\Films_converted,00:00:06:19,23.976,48000,2,1920 x 1080,Cineform HD,01:14:58:19,01:15:05:14,107971,108133,163,10,16,Auto,2,Fri Jul 20 23:08:27 2018
Call_Me_By_Your_Name.mov,Y:\Films_converted,00:00:03:07,23.976,48000,2,1920 x 1080,Cineform HD,01:15:05:14,01:15:08:21,108134,108212,79,10,16,Auto,2,Fri Jul 20 23:08:27 2018
Call_Me_By_Your_Name.mov,Y:\Films_converted,00:00:04:15,23.976,48000,2,1920 x 1080,Cineform HD,01:15:08:21,01:15:13:12,108213,108323,111,10,16,Auto,2,Fri Jul 20 23:08:27 2018
Call_Me_By_Your_Name.mov,Y:\Films_converted,00:00:05:04,23.976,48000,2,1920 x 1080,Cineform HD,01:15:13:12,01:15:18:16,108324,108447,124,10,16,Auto,2,Fri Jul 20 23:08:27 2018
Call_Me_By_Your_Name.mov,Y:\Films_converted,00:00:03:05,23.976,48000,2,1920 x 1080,Cineform HD,01:15:18:16,01:15:21:21,108448,108524,77,10,16,Auto,2,Fri Jul 20 23:08:27 2018
Call_Me_By_Your_Name.mov,Y:\Films_converted,00:00:06:21,23.976,48000,2,1920 x 1080,Cineform HD,01:15:21:21,01:15:28:18,108525,108689,165,10,16,Auto,2,Fri Jul 20 23:08:27 2018
Call_Me_By_Your_Name.mov,Y:\Films_converted,00:00:03:09,23.976,48000,2,1920 x 1080,Cineform HD,01:15:28:18,01:15:32:03,108690,108770,81,10,16,Auto,2,Fri Jul 20 23:08:27 2018
Call_Me_By_Your_Name.mov,Y:\Films_converted,00:00:01:17,23.976,48000,2,1920 x 1080,Cineform HD,01:15:32:03,01:15:33:20,108771,108811,41,10,16,Auto,2,Fri Jul 20 23:08:27 2018
Call_Me_By_Your_Name.mov,Y:\Films_converted,00:00:10:23,23.976,48000,2,1920 x 1080,Cineform HD,01:15:33:20,01:15:44:19,108812,109074,263,10,16,Auto,2,Fri Jul 20 23:08:27 2018
Call_Me_By_Your_Name.mov,Y:\Films_converted,00:00:09:06,23.976,48000,2,1920 x 1080,Cineform HD,01:15:44:19,01:15:54:01,109075,109296,222,10,16,Auto,2,Fri Jul 20 23:08:27 2018
Call_Me_By_Your_Name.mov,Y:\Films_converted,00:00:10:15,23.976,48000,2,1920 x 1080,Cineform HD,01:15:54:01,01:16:04:16,109297,109551,255,10,16,Auto,2,Fri Jul 20 23:08:27 2018
Call_Me_By_Your_Name.mov,Y:\Films_converted,00:00:03:07,23.976,48000,2,1920 x 1080,Cineform HD,01:16:04:16,01:16:07:23,109552,109630,79,10,16,Auto,2,Fri Jul 20 23:08:27 2018
Call_Me_By_Your_Name.mov,Y:\Films_converted,00:00:06:04,23.976,48000,2,1920 x 1080,Cineform HD,01:16:07:23,01:16:14:03,109631,109778,148,10,16,Auto,2,Fri Jul 20 23:08:27 2018
Call_Me_By_Your_Name.mov,Y:\Films_converted,00:00:12:18,23.976,48000,2,1920 x 1080,Cineform HD,01:16:14:03,01:16:26:21,109779,110084,306,10,16,Auto,2,Fri Jul 20 23:08:27 2018
Call_Me_By_Your_Name.mov,Y:\Films_converted,00:00:05:07,23.976,48000,2,1920 x 1080,Cineform HD,01:16:26:21,01:16:32:04,110085,110211,127,10,16,Auto,2,Fri Jul 20 23:08:27 2018
Call_Me_By_Your_Name.mov,Y:\Films_converted,00:00:07:05,23.976,48000,2,1920 x 1080,Cineform HD,01:16:32:04,01:16:39:09,110212,110384,173,10,16,Auto,2,Fri Jul 20 23:08:27 2018
Call_Me_By_Your_Name.mov,Y:\Films_converted,00:00:03:14,23.976,48000,2,1920 x 1080,Cineform HD,01:16:39:09,01:16:42:23,110385,110470,86,10,16,Auto,2,Fri Jul 20 23:08:27 2018
Call_Me_By_Your_Name.mov,Y:\Films_converted,00:00:02:17,23.976,48000,2,1920 x 1080,Cineform HD,01:16:42:23,01:16:45:16,110471,110535,65,10,16,Auto,2,Fri Jul 20 23:08:27 2018
Call_Me_By_Your_Name.mov,Y:\Films_converted,00:01:09:07,23.976,48000,2,1920 x 1080,Cineform HD,01:16:45:16,01:17:54:23,110536,112198,1663,10,16,Auto,2,Fri Jul 20 23:08:27 2018
Call_Me_By_Your_Name.mov,Y:\Films_converted,00:00:40:14,23.976,48000,2,1920 x 1080,Cineform HD,01:17:54:23,01:18:35:13,112199,113172,974,10,16,Auto,2,Fri Jul 20 23:08:27 2018
Call_Me_By_Your_Name.mov,Y:\Films_converted,00:01:17:17,23.976,48000,2,1920 x 1080,Cineform HD,01:18:35:13,01:19:53:06,113173,115037,1865,10,16,Auto,2,Fri Jul 20 23:08:27 2018
Call_Me_By_Your_Name.mov,Y:\Films_converted,00:00:18:23,23.976,48000,2,1920 x 1080,Cineform HD,01:19:53:06,01:20:12:05,115038,115492,455,10,16,Auto,2,Fri Jul 20 23:08:27 2018
Call_Me_By_Your_Name.mov,Y:\Films_converted,00:00:04:11,23.976,48000,2,1920 x 1080,Cineform HD,01:20:12:05,01:20:16:16,115493,115599,107,10,16,Auto,2,Fri Jul 20 23:08:27 2018
Call_Me_By_Your_Name.mov,Y:\Films_converted,00:00:14:14,23.976,48000,2,1920 x 1080,Cineform HD,01:20:16:16,01:20:31:06,115600,115949,350,10,16,Auto,2,Fri Jul 20 23:08:27 2018
Call_Me_By_Your_Name.mov,Y:\Films_converted,00:00:01:23,23.976,48000,2,1920 x 1080,Cineform HD,01:20:31:06,01:20:33:05,115950,115996,47,10,16,Auto,2,Fri Jul 20 23:08:27 2018
Call_Me_By_Your_Name.mov,Y:\Films_converted,00:00:14:01,23.976,48000,2,1920 x 1080,Cineform HD,01:20:33:05,01:20:47:06,115997,116333,337,10,16,Auto,2,Fri Jul 20 23:08:27 2018
Call_Me_By_Your_Name.mov,Y:\Films_converted,00:01:08:11,23.976,48000,2,1920 x 1080,Cineform HD,01:20:47:06,01:21:55:17,116334,117976,1643,10,16,Auto,2,Fri Jul 20 23:08:27 2018
Call_Me_By_Your_Name.mov,Y:\Films_converted,00:01:47:22,23.976,48000,2,1920 x 1080,Cineform HD,01:21:55:17,01:23:43:15,117977,120566,2590,10,16,Auto,2,Fri Jul 20 23:08:27 2018
Call_Me_By_Your_Name.mov,Y:\Films_converted,00:00:07:06,23.976,48000,2,1920 x 1080,Cineform HD,01:23:43:15,01:23:50:21,120567,120740,174,10,16,Auto,2,Fri Jul 20 23:08:27 2018
Call_Me_By_Your_Name.mov,Y:\Films_converted,00:02:03:08,23.976,48000,2,1920 x 1080,Cineform HD,01:23:50:21,01:25:54:05,120741,123700,2960,10,16,Auto,2,Fri Jul 20 23:08:27 2018
Call_Me_By_Your_Name.mov,Y:\Films_converted,00:00:20:13,23.976,48000,2,1920 x 1080,Cineform HD,01:25:54:05,01:26:14:18,123701,124193,493,10,16,Auto,2,Fri Jul 20 23:08:27 2018
Call_Me_By_Your_Name.mov,Y:\Films_converted,00:01:13:14,23.976,48000,2,1920 x 1080,Cineform HD,01:26:14:18,01:27:28:08,124194,125959,1766,10,16,Auto,2,Fri Jul 20 23:08:27 2018
Call_Me_By_Your_Name.mov,Y:\Films_converted,00:00:06:01,23.976,48000,2,1920 x 1080,Cineform HD,01:27:28:08,01:27:34:09,125960,126104,145,10,16,Auto,2,Fri Jul 20 23:08:27 2018
Call_Me_By_Your_Name.mov,Y:\Films_converted,00:00:50:00,23.976,48000,2,1920 x 1080,Cineform HD,01:27:34:09,01:28:24:09,126105,127304,1200,10,16,Auto,2,Fri Jul 20 23:08:27 2018
Call_Me_By_Your_Name.mov,Y:\Films_converted,00:00:04:03,23.976,48000,2,1920 x 1080,Cineform HD,01:28:24:09,01:28:28:12,127305,127403,99,10,16,Auto,2,Fri Jul 20 23:08:27 2018
Call_Me_By_Your_Name.mov,Y:\Films_converted,00:00:02:18,23.976,48000,2,1920 x 1080,Cineform HD,01:28:28:12,01:28:31:06,127404,127469,66,10,16,Auto,2,Fri Jul 20 23:08:27 2018
Call_Me_By_Your_Name.mov,Y:\Films_converted,00:00:01:02,23.976,48000,2,1920 x 1080,Cineform HD,01:28:31:06,01:28:32:08,127470,127495,26,10,16,Auto,2,Fri Jul 20 23:08:27 2018
Call_Me_By_Your_Name.mov,Y:\Films_converted,00:00:13:03,23.976,48000,2,1920 x 1080,Cineform HD,01:28:32:08,01:28:45:11,127496,127810,315,10,16,Auto,2,Fri Jul 20 23:08:27 2018
Call_Me_By_Your_Name.mov,Y:\Films_converted,00:00:25:07,23.976,48000,2,1920 x 1080,Cineform HD,01:28:45:11,01:29:10:18,127811,128417,607,10,16,Auto,2,Fri Jul 20 23:08:27 2018
Call_Me_By_Your_Name.mov,Y:\Films_converted,00:00:17:03,23.976,48000,2,1920 x 1080,Cineform HD,01:29:10:18,01:29:27:21,128418,128828,411,10,16,Auto,2,Fri Jul 20 23:08:27 2018
Call_Me_By_Your_Name.mov,Y:\Films_converted,00:00:03:10,23.976,48000,2,1920 x 1080,Cineform HD,01:29:27:21,01:29:31:07,128829,128910,82,10,16,Auto,2,Fri Jul 20 23:08:27 2018
Call_Me_By_Your_Name.mov,Y:\Films_converted,00:00:05:22,23.976,48000,2,1920 x 1080,Cineform HD,01:29:31:07,01:29:37:05,128911,129052,142,10,16,Auto,2,Fri Jul 20 23:08:27 2018
Call_Me_By_Your_Name.mov,Y:\Films_converted,00:00:02:12,23.976,48000,2,1920 x 1080,Cineform HD,01:29:37:05,01:29:39:17,129053,129112,60,10,16,Auto,2,Fri Jul 20 23:08:27 2018
Call_Me_By_Your_Name.mov,Y:\Films_converted,00:00:27:20,23.976,48000,2,1920 x 1080,Cineform HD,01:29:39:17,01:30:07:13,129113,129780,668,10,16,Auto,2,Fri Jul 20 23:08:27 2018
Call_Me_By_Your_Name.mov,Y:\Films_converted,00:00:05:05,23.976,48000,2,1920 x 1080,Cineform HD,01:30:07:13,01:30:12:18,129781,129905,125,10,16,Auto,2,Fri Jul 20 23:08:27 2018
Call_Me_By_Your_Name.mov,Y:\Films_converted,00:00:05:10,23.976,48000,2,1920 x 1080,Cineform HD,01:30:12:18,01:30:18:04,129906,130035,130,10,16,Auto,2,Fri Jul 20 23:08:27 2018
Call_Me_By_Your_Name.mov,Y:\Films_converted,00:00:04:00,23.976,48000,2,1920 x 1080,Cineform HD,01:30:18:04,01:30:22:04,130036,130131,96,10,16,Auto,2,Fri Jul 20 23:08:27 2018
Call_Me_By_Your_Name.mov,Y:\Films_converted,00:00:01:09,23.976,48000,2,1920 x 1080,Cineform HD,01:30:22:04,01:30:23:13,130132,130164,33,10,16,Auto,2,Fri Jul 20 23:08:27 2018
Call_Me_By_Your_Name.mov,Y:\Films_converted,00:00:51:23,23.976,48000,2,1920 x 1080,Cineform HD,01:30:23:13,01:31:15:12,130165,131411,1247,10,16,Auto,2,Fri Jul 20 23:08:27 2018
Call_Me_By_Your_Name.mov,Y:\Films_converted,00:00:58:06,23.976,48000,2,1920 x 1080,Cineform HD,01:31:15:12,01:32:13:18,131412,132809,1398,10,16,Auto,2,Fri Jul 20 23:08:27 2018
Call_Me_By_Your_Name.mov,Y:\Films_converted,00:00:16:02,23.976,48000,2,1920 x 1080,Cineform HD,01:32:13:18,01:32:29:20,132810,133195,386,10,16,Auto,2,Fri Jul 20 23:08:27 2018
Call_Me_By_Your_Name.mov,Y:\Films_converted,00:00:01:14,23.976,48000,2,1920 x 1080,Cineform HD,01:32:29:20,01:32:31:10,133196,133233,38,10,16,Auto,2,Fri Jul 20 23:08:27 2018
Call_Me_By_Your_Name.mov,Y:\Films_converted,00:00:06:23,23.976,48000,2,1920 x 1080,Cineform HD,01:32:31:10,01:32:38:09,133234,133400,167,10,16,Auto,2,Fri Jul 20 23:08:27 2018
Call_Me_By_Your_Name.mov,Y:\Films_converted,00:00:02:08,23.976,48000,2,1920 x 1080,Cineform HD,01:32:38:09,01:32:40:17,133401,133456,56,10,16,Auto,2,Fri Jul 20 23:08:27 2018
Call_Me_By_Your_Name.mov,Y:\Films_converted,00:00:02:21,23.976,48000,2,1920 x 1080,Cineform HD,01:32:40:17,01:32:43:14,133457,133525,69,10,16,Auto,2,Fri Jul 20 23:08:27 2018
Call_Me_By_Your_Name.mov,Y:\Films_converted,00:00:14:06,23.976,48000,2,1920 x 1080,Cineform HD,01:32:43:14,01:32:57:20,133526,133867,342,10,16,Auto,2,Fri Jul 20 23:08:27 2018
Call_Me_By_Your_Name.mov,Y:\Films_converted,00:00:03:13,23.976,48000,2,1920 x 1080,Cineform HD,01:32:57:20,01:33:01:09,133868,133952,85,10,16,Auto,2,Fri Jul 20 23:08:27 2018
Call_Me_By_Your_Name.mov,Y:\Films_converted,00:00:02:10,23.976,48000,2,1920 x 1080,Cineform HD,01:33:01:09,01:33:03:19,133953,134010,58,10,16,Auto,2,Fri Jul 20 23:08:27 2018
Call_Me_By_Your_Name.mov,Y:\Films_converted,00:00:06:05,23.976,48000,2,1920 x 1080,Cineform HD,01:33:03:19,01:33:10:00,134011,134159,149,10,16,Auto,2,Fri Jul 20 23:08:27 2018
Call_Me_By_Your_Name.mov,Y:\Films_converted,00:00:02:10,23.976,48000,2,1920 x 1080,Cineform HD,01:33:10:00,01:33:12:10,134160,134217,58,10,16,Auto,2,Fri Jul 20 23:08:27 2018
Call_Me_By_Your_Name.mov,Y:\Films_converted,00:00:23:12,23.976,48000,2,1920 x 1080,Cineform HD,01:33:12:10,01:33:35:22,134218,134781,564,10,16,Auto,2,Fri Jul 20 23:08:27 2018
Call_Me_By_Your_Name.mov,Y:\Films_converted,00:00:09:19,23.976,48000,2,1920 x 1080,Cineform HD,01:33:35:22,01:33:45:17,134782,135016,235,10,16,Auto,2,Fri Jul 20 23:08:27 2018
Call_Me_By_Your_Name.mov,Y:\Films_converted,00:00:39:07,23.976,48000,2,1920 x 1080,Cineform HD,01:33:45:17,01:34:25:00,135017,135959,943,10,16,Auto,2,Fri Jul 20 23:08:27 2018
Call_Me_By_Your_Name.mov,Y:\Films_converted,00:00:49:12,23.976,48000,2,1920 x 1080,Cineform HD,01:34:25:00,01:35:14:12,135960,137147,1188,10,16,Auto,2,Fri Jul 20 23:08:27 2018
Call_Me_By_Your_Name.mov,Y:\Films_converted,00:00:21:13,23.976,48000,2,1920 x 1080,Cineform HD,01:35:14:12,01:35:36:01,137148,137664,517,10,16,Auto,2,Fri Jul 20 23:08:27 2018
Call_Me_By_Your_Name.mov,Y:\Films_converted,00:01:55:03,23.976,48000,2,1920 x 1080,Cineform HD,01:35:36:01,01:37:31:04,137665,140427,2763,10,16,Auto,2,Fri Jul 20 23:08:27 2018
Call_Me_By_Your_Name.mov,Y:\Films_converted,00:00:15:04,23.976,48000,2,1920 x 1080,Cineform HD,01:37:31:04,01:37:46:08,140428,140791,364,10,16,Auto,2,Fri Jul 20 23:08:27 2018
Call_Me_By_Your_Name.mov,Y:\Films_converted,00:00:03:09,23.976,48000,2,1920 x 1080,Cineform HD,01:37:46:08,01:37:49:17,140792,140872,81,10,16,Auto,2,Fri Jul 20 23:08:27 2018
Call_Me_By_Your_Name.mov,Y:\Films_converted,00:00:03:05,23.976,48000,2,1920 x 1080,Cineform HD,01:37:49:17,01:37:52:22,140873,140949,77,10,16,Auto,2,Fri Jul 20 23:08:27 2018
Call_Me_By_Your_Name.mov,Y:\Films_converted,00:00:03:06,23.976,48000,2,1920 x 1080,Cineform HD,01:37:52:22,01:37:56:04,140950,141027,78,10,16,Auto,2,Fri Jul 20 23:08:27 2018
Call_Me_By_Your_Name.mov,Y:\Films_converted,00:00:05:14,23.976,48000,2,1920 x 1080,Cineform HD,01:37:56:04,01:38:01:18,141028,141161,134,10,16,Auto,2,Fri Jul 20 23:08:27 2018
Call_Me_By_Your_Name.mov,Y:\Films_converted,00:00:01:23,23.976,48000,2,1920 x 1080,Cineform HD,01:38:01:18,01:38:03:17,141162,141208,47,10,16,Auto,2,Fri Jul 20 23:08:27 2018
Call_Me_By_Your_Name.mov,Y:\Films_converted,00:00:01:18,23.976,48000,2,1920 x 1080,Cineform HD,01:38:03:17,01:38:05:11,141209,141250,42,10,16,Auto,2,Fri Jul 20 23:08:27 2018
Call_Me_By_Your_Name.mov,Y:\Films_converted,00:00:38:09,23.976,48000,2,1920 x 1080,Cineform HD,01:38:05:11,01:38:43:20,141251,142171,921,10,16,Auto,2,Fri Jul 20 23:08:27 2018
Call_Me_By_Your_Name.mov,Y:\Films_converted,00:03:10:17,23.976,48000,2,1920 x 1080,Cineform HD,01:38:43:20,01:41:54:13,142172,146748,4577,10,16,Auto,2,Fri Jul 20 23:08:27 2018
Call_Me_By_Your_Name.mov,Y:\Films_converted,00:00:08:15,23.976,48000,2,1920 x 1080,Cineform HD,01:41:54:13,01:42:03:04,146749,146955,207,10,16,Auto,2,Fri Jul 20 23:08:27 2018
Call_Me_By_Your_Name.mov,Y:\Films_converted,00:00:04:02,23.976,48000,2,1920 x 1080,Cineform HD,01:42:03:04,01:42:07:06,146956,147053,98,10,16,Auto,2,Fri Jul 20 23:08:27 2018
Call_Me_By_Your_Name.mov,Y:\Films_converted,00:00:05:07,23.976,48000,2,1920 x 1080,Cineform HD,01:42:07:06,01:42:12:13,147054,147180,127,10,16,Auto,2,Fri Jul 20 23:08:27 2018
Call_Me_By_Your_Name.mov,Y:\Films_converted,00:00:02:16,23.976,48000,2,1920 x 1080,Cineform HD,01:42:12:13,01:42:15:05,147181,147244,64,10,16,Auto,2,Fri Jul 20 23:08:27 2018
Call_Me_By_Your_Name.mov,Y:\Films_converted,00:00:06:21,23.976,48000,2,1920 x 1080,Cineform HD,01:42:15:05,01:42:22:02,147245,147409,165,10,16,Auto,2,Fri Jul 20 23:08:27 2018
Call_Me_By_Your_Name.mov,Y:\Films_converted,00:00:05:01,23.976,48000,2,1920 x 1080,Cineform HD,01:42:22:02,01:42:27:03,147410,147530,121,10,16,Auto,2,Fri Jul 20 23:08:27 2018
Call_Me_By_Your_Name.mov,Y:\Films_converted,00:00:07:02,23.976,48000,2,1920 x 1080,Cineform HD,01:42:27:03,01:42:34:05,147531,147700,170,10,16,Auto,2,Fri Jul 20 23:08:27 2018
Call_Me_By_Your_Name.mov,Y:\Films_converted,00:00:11:10,23.976,48000,2,1920 x 1080,Cineform HD,01:42:34:05,01:42:45:15,147701,147974,274,10,16,Auto,2,Fri Jul 20 23:08:27 2018
Call_Me_By_Your_Name.mov,Y:\Films_converted,00:00:05:11,23.976,48000,2,1920 x 1080,Cineform HD,01:42:45:15,01:42:51:02,147975,148105,131,10,16,Auto,2,Fri Jul 20 23:08:27 2018
Call_Me_By_Your_Name.mov,Y:\Films_converted,00:00:06:19,23.976,48000,2,1920 x 1080,Cineform HD,01:42:51:02,01:42:57:21,148106,148268,163,10,16,Auto,2,Fri Jul 20 23:08:27 2018
Call_Me_By_Your_Name.mov,Y:\Films_converted,00:00:02:08,23.976,48000,2,1920 x 1080,Cineform HD,01:42:57:21,01:43:00:05,148269,148324,56,10,16,Auto,2,Fri Jul 20 23:08:27 2018
Call_Me_By_Your_Name.mov,Y:\Films_converted,00:00:03:05,23.976,48000,2,1920 x 1080,Cineform HD,01:43:00:05,01:43:03:10,148325,148401,77,10,16,Auto,2,Fri Jul 20 23:08:27 2018
Call_Me_By_Your_Name.mov,Y:\Films_converted,00:00:42:21,23.976,48000,2,1920 x 1080,Cineform HD,01:43:03:10,01:43:46:07,148402,149430,1029,10,16,Auto,2,Fri Jul 20 23:08:27 2018
Call_Me_By_Your_Name.mov,Y:\Films_converted,00:00:35:01,23.976,48000,2,1920 x 1080,Cineform HD,01:43:46:07,01:44:21:08,149431,150271,841,10,16,Auto,2,Fri Jul 20 23:08:27 2018
Call_Me_By_Your_Name.mov,Y:\Films_converted,00:00:01:12,23.976,48000,2,1920 x 1080,Cineform HD,01:44:21:08,01:44:22:20,150272,150307,36,10,16,Auto,2,Fri Jul 20 23:08:27 2018
Call_Me_By_Your_Name.mov,Y:\Films_converted,00:00:05:01,23.976,48000,2,1920 x 1080,Cineform HD,01:44:22:20,01:44:27:21,150308,150428,121,10,16,Auto,2,Fri Jul 20 23:08:27 2018
Call_Me_By_Your_Name.mov,Y:\Films_converted,00:00:03:21,23.976,48000,2,1920 x 1080,Cineform HD,01:44:27:21,01:44:31:18,150429,150521,93,10,16,Auto,2,Fri Jul 20 23:08:27 2018
Call_Me_By_Your_Name.mov,Y:\Films_converted,00:00:03:23,23.976,48000,2,1920 x 1080,Cineform HD,01:44:31:18,01:44:35:17,150522,150616,95,10,16,Auto,2,Fri Jul 20 23:08:27 2018
Call_Me_By_Your_Name.mov,Y:\Films_converted,00:00:06:04,23.976,48000,2,1920 x 1080,Cineform HD,01:44:35:17,01:44:41:21,150617,150764,148,10,16,Auto,2,Fri Jul 20 23:08:27 2018
Call_Me_By_Your_Name.mov,Y:\Films_converted,00:00:11:12,23.976,48000,2,1920 x 1080,Cineform HD,01:44:41:21,01:44:53:09,150765,151040,276,10,16,Auto,2,Fri Jul 20 23:08:27 2018
Call_Me_By_Your_Name.mov,Y:\Films_converted,00:00:11:15,23.976,48000,2,1920 x 1080,Cineform HD,01:44:53:09,01:45:05:00,151041,151319,279,10,16,Auto,2,Fri Jul 20 23:08:27 2018
Call_Me_By_Your_Name.mov,Y:\Films_converted,00:00:23:16,23.976,48000,2,1920 x 1080,Cineform HD,01:45:05:00,01:45:28:16,151320,151887,568,10,16,Auto,2,Fri Jul 20 23:08:27 2018
Call_Me_By_Your_Name.mov,Y:\Films_converted,00:00:17:21,23.976,48000,2,1920 x 1080,Cineform HD,01:45:28:16,01:45:46:13,151888,152316,429,10,16,Auto,2,Fri Jul 20 23:08:27 2018
Call_Me_By_Your_Name.mov,Y:\Films_converted,00:00:22:06,23.976,48000,2,1920 x 1080,Cineform HD,01:45:46:13,01:46:08:19,152317,152850,534,10,16,Auto,2,Fri Jul 20 23:08:27 2018
Call_Me_By_Your_Name.mov,Y:\Films_converted,00:00:42:07,23.976,48000,2,1920 x 1080,Cineform HD,01:46:08:19,01:46:51:02,152851,153865,1015,10,16,Auto,2,Fri Jul 20 23:08:27 2018
Call_Me_By_Your_Name.mov,Y:\Films_converted,00:00:41:09,23.976,48000,2,1920 x 1080,Cineform HD,01:46:51:02,01:47:32:11,153866,154858,993,10,16,Auto,2,Fri Jul 20 23:08:27 2018
Call_Me_By_Your_Name.mov,Y:\Films_converted,00:00:08:01,23.976,48000,2,1920 x 1080,Cineform HD,01:47:32:11,01:47:40:12,154859,155051,193,10,16,Auto,2,Fri Jul 20 23:08:27 2018
Call_Me_By_Your_Name.mov,Y:\Films_converted,00:00:28:15,23.976,48000,2,1920 x 1080,Cineform HD,01:47:40:12,01:48:09:03,155052,155738,687,10,16,Auto,2,Fri Jul 20 23:08:27 2018
Call_Me_By_Your_Name.mov,Y:\Films_converted,00:00:08:15,23.976,48000,2,1920 x 1080,Cineform HD,01:48:09:03,01:48:17:18,155739,155945,207,10,16,Auto,2,Fri Jul 20 23:08:27 2018
Call_Me_By_Your_Name.mov,Y:\Films_converted,00:00:28:21,23.976,48000,2,1920 x 1080,Cineform HD,01:48:17:18,01:48:46:15,155946,156638,693,10,16,Auto,2,Fri Jul 20 23:08:27 2018
Call_Me_By_Your_Name.mov,Y:\Films_converted,00:00:08:20,23.976,48000,2,1920 x 1080,Cineform HD,01:48:46:15,01:48:55:11,156639,156850,212,10,16,Auto,2,Fri Jul 20 23:08:27 2018
Call_Me_By_Your_Name.mov,Y:\Films_converted,00:00:06:12,23.976,48000,2,1920 x 1080,Cineform HD,01:48:55:11,01:49:01:23,156851,157006,156,10,16,Auto,2,Fri Jul 20 23:08:27 2018
Call_Me_By_Your_Name.mov,Y:\Films_converted,00:00:12:13,23.976,48000,2,1920 x 1080,Cineform HD,01:49:01:23,01:49:14:12,157007,157307,301,10,16,Auto,2,Fri Jul 20 23:08:27 2018
Call_Me_By_Your_Name.mov,Y:\Films_converted,00:00:06:06,23.976,48000,2,1920 x 1080,Cineform HD,01:49:14:12,01:49:20:18,157308,157457,150,10,16,Auto,2,Fri Jul 20 23:08:27 2018
Call_Me_By_Your_Name.mov,Y:\Films_converted,00:00:07:08,23.976,48000,2,1920 x 1080,Cineform HD,01:49:20:18,01:49:28:02,157458,157633,176,10,16,Auto,2,Fri Jul 20 23:08:27 2018
Call_Me_By_Your_Name.mov,Y:\Films_converted,00:00:06:05,23.976,48000,2,1920 x 1080,Cineform HD,01:49:28:02,01:49:34:07,157634,157782,149,10,16,Auto,2,Fri Jul 20 23:08:27 2018
Call_Me_By_Your_Name.mov,Y:\Films_converted,00:00:14:10,23.976,48000,2,1920 x 1080,Cineform HD,01:49:34:07,01:49:48:17,157783,158128,346,10,16,Auto,2,Fri Jul 20 23:08:27 2018
Call_Me_By_Your_Name.mov,Y:\Films_converted,00:00:29:03,23.976,48000,2,1920 x 1080,Cineform HD,01:49:48:17,01:50:17:20,158129,158827,699,10,16,Auto,2,Fri Jul 20 23:08:27 2018
Call_Me_By_Your_Name.mov,Y:\Films_converted,00:00:10:18,23.976,48000,2,1920 x 1080,Cineform HD,01:50:17:20,01:50:28:14,158828,159085,258,10,16,Auto,2,Fri Jul 20 23:08:27 2018
Call_Me_By_Your_Name.mov,Y:\Films_converted,00:00:03:20,23.976,48000,2,1920 x 1080,Cineform HD,01:50:28:14,01:50:32:10,159086,159177,92,10,16,Auto,2,Fri Jul 20 23:08:27 2018
Call_Me_By_Your_Name.mov,Y:\Films_converted,00:00:01:04,23.976,48000,2,1920 x 1080,Cineform HD,01:50:32:10,01:50:33:14,159178,159205,28,10,16,Auto,2,Fri Jul 20 23:08:27 2018
Call_Me_By_Your_Name.mov,Y:\Films_converted,00:00:01:12,23.976,48000,2,1920 x 1080,Cineform HD,01:50:33:14,01:50:35:02,159206,159241,36,10,16,Auto,2,Fri Jul 20 23:08:27 2018
Call_Me_By_Your_Name.mov,Y:\Films_converted,00:00:02:18,23.976,48000,2,1920 x 1080,Cineform HD,01:50:35:02,01:50:37:20,159242,159307,66,10,16,Auto,2,Fri Jul 20 23:08:27 2018
Call_Me_By_Your_Name.mov,Y:\Films_converted,00:00:04:02,23.976,48000,2,1920 x 1080,Cineform HD,01:50:37:20,01:50:41:22,159308,159405,98,10,16,Auto,2,Fri Jul 20 23:08:27 2018
Call_Me_By_Your_Name.mov,Y:\Films_converted,00:00:27:22,23.976,48000,2,1920 x 1080,Cineform HD,01:50:41:22,01:51:09:20,159406,160075,670,10,16,Auto,2,Fri Jul 20 23:08:27 2018
Call_Me_By_Your_Name.mov,Y:\Films_converted,00:01:14:07,23.976,48000,2,1920 x 1080,Cineform HD,01:51:09:20,01:52:24:03,160076,161858,1783,10,16,Auto,2,Fri Jul 20 23:08:27 2018
Call_Me_By_Your_Name.mov,Y:\Films_converted,00:00:39:21,23.976,48000,2,1920 x 1080,Cineform HD,01:52:24:03,01:53:04:00,161859,162815,957,10,16,Auto,2,Fri Jul 20 23:08:27 2018
Call_Me_By_Your_Name.mov,Y:\Films_converted,00:00:20:17,23.976,48000,2,1920 x 1080,Cineform HD,01:53:04:00,01:53:24:17,162816,163312,497,10,16,Auto,2,Fri Jul 20 23:08:27 2018
Call_Me_By_Your_Name.mov,Y:\Films_converted,00:00:54:04,23.976,48000,2,1920 x 1080,Cineform HD,01:53:24:17,01:54:18:21,163313,164612,1300,10,16,Auto,2,Fri Jul 20 23:08:27 2018
Call_Me_By_Your_Name.mov,Y:\Films_converted,00:00:03:12,23.976,48000,2,1920 x 1080,Cineform HD,01:54:18:21,01:54:22:09,164613,164696,84,10,16,Auto,2,Fri Jul 20 23:08:27 2018
Call_Me_By_Your_Name.mov,Y:\Films_converted,00:00:25:04,23.976,48000,2,1920 x 1080,Cineform HD,01:54:22:09,01:54:47:13,164697,165300,604,10,16,Auto,2,Fri Jul 20 23:08:27 2018
Call_Me_By_Your_Name.mov,Y:\Films_converted,00:00:03:11,23.976,48000,2,1920 x 1080,Cineform HD,01:54:47:13,01:54:51:00,165301,165383,83,10,16,Auto,2,Fri Jul 20 23:08:27 2018
Call_Me_By_Your_Name.mov,Y:\Films_converted,00:00:08:11,23.976,48000,2,1920 x 1080,Cineform HD,01:54:51:00,01:54:59:11,165384,165586,203,10,16,Auto,2,Fri Jul 20 23:08:27 2018
Call_Me_By_Your_Name.mov,Y:\Films_converted,00:00:04:02,23.976,48000,2,1920 x 1080,Cineform HD,01:54:59:11,01:55:03:13,165587,165684,98,10,16,Auto,2,Fri Jul 20 23:08:27 2018
Call_Me_By_Your_Name.mov,Y:\Films_converted,00:00:22:16,23.976,48000,2,1920 x 1080,Cineform HD,01:55:03:13,01:55:26:05,165685,166228,544,10,16,Auto,2,Fri Jul 20 23:08:27 2018
Call_Me_By_Your_Name.mov,Y:\Films_converted,00:00:04:22,23.976,48000,2,1920 x 1080,Cineform HD,01:55:26:05,01:55:31:03,166229,166346,118,10,16,Auto,2,Fri Jul 20 23:08:27 2018
Call_Me_By_Your_Name.mov,Y:\Films_converted,00:00:03:07,23.976,48000,2,1920 x 1080,Cineform HD,01:55:31:03,01:55:34:10,166347,166425,79,10,16,Auto,2,Fri Jul 20 23:08:27 2018
Call_Me_By_Your_Name.mov,Y:\Films_converted,00:00:03:07,23.976,48000,2,1920 x 1080,Cineform HD,01:55:34:10,01:55:37:17,166426,166504,79,10,16,Auto,2,Fri Jul 20 23:08:27 2018
Call_Me_By_Your_Name.mov,Y:\Films_converted,00:00:02:12,23.976,48000,2,1920 x 1080,Cineform HD,01:55:37:17,01:55:40:05,166505,166564,60,10,16,Auto,2,Fri Jul 20 23:08:27 2018
Call_Me_By_Your_Name.mov,Y:\Films_converted,00:00:01:18,23.976,48000,2,1920 x 1080,Cineform HD,01:55:40:05,01:55:41:23,166565,166606,42,10,16,Auto,2,Fri Jul 20 23:08:27 2018
Call_Me_By_Your_Name.mov,Y:\Films_converted,00:00:03:06,23.976,48000,2,1920 x 1080,Cineform HD,01:55:41:23,01:55:45:05,166607,166684,78,10,16,Auto,2,Fri Jul 20 23:08:27 2018
Call_Me_By_Your_Name.mov,Y:\Films_converted,00:00:03:12,23.976,48000,2,1920 x 1080,Cineform HD,01:55:45:05,01:55:48:17,166685,166768,84,10,16,Auto,2,Fri Jul 20 23:08:27 2018
Call_Me_By_Your_Name.mov,Y:\Films_converted,00:00:01:20,23.976,48000,2,1920 x 1080,Cineform HD,01:55:48:17,01:55:50:13,166769,166812,44,10,16,Auto,2,Fri Jul 20 23:08:27 2018
Call_Me_By_Your_Name.mov,Y:\Films_converted,00:00:04:19,23.976,48000,2,1920 x 1080,Cineform HD,01:55:50:13,01:55:55:08,166813,166927,115,10,16,Auto,2,Fri Jul 20 23:08:27 2018
Call_Me_By_Your_Name.mov,Y:\Films_converted,00:00:16:17,23.976,48000,2,1920 x 1080,Cineform HD,01:55:55:08,01:56:12:01,166928,167328,401,10,16,Auto,2,Fri Jul 20 23:08:27 2018
Call_Me_By_Your_Name.mov,Y:\Films_converted,00:00:07:22,23.976,48000,2,1920 x 1080,Cineform HD,01:56:12:01,01:56:19:23,167329,167518,190,10,16,Auto,2,Fri Jul 20 23:08:27 2018
Call_Me_By_Your_Name.mov,Y:\Films_converted,00:03:13:18,23.976,48000,2,1920 x 1080,Cineform HD,01:56:19:23,01:59:33:17,167519,172168,4650,10,16,Auto,2,Fri Jul 20 23:08:27 2018
Call_Me_By_Your_Name.mov,Y:\Films_converted,00:00:26:15,23.976,48000,2,1920 x 1080,Cineform HD,01:59:33:17,02:00:00:08,172169,172807,639,10,16,Auto,2,Fri Jul 20 23:08:27 2018
Call_Me_By_Your_Name.mov,Y:\Films_converted,00:00:03:09,23.976,48000,2,1920 x 1080,Cineform HD,02:00:00:08,02:00:03:17,172808,172888,81,10,16,Auto,2,Fri Jul 20 23:08:27 2018
Call_Me_By_Your_Name.mov,Y:\Films_converted,00:00:22:16,23.976,48000,2,1920 x 1080,Cineform HD,02:00:03:17,02:00:26:09,172889,173432,544,10,16,Auto,2,Fri Jul 20 23:08:27 2018
Call_Me_By_Your_Name.mov,Y:\Films_converted,00:01:17:03,23.976,48000,2,1920 x 1080,Cineform HD,02:00:26:09,02:01:43:12,173433,175283,1851,10,16,Auto,2,Fri Jul 20 23:08:27 2018
Call_Me_By_Your_Name.mov,Y:\Films_converted,00:00:13:10,23.976,48000,2,1920 x 1080,Cineform HD,02:01:43:12,02:01:56:22,175284,175605,322,10,16,Auto,2,Fri Jul 20 23:08:27 2018
Call_Me_By_Your_Name.mov,Y:\Films_converted,00:00:59:14,23.976,48000,2,1920 x 1080,Cineform HD,02:01:56:22,02:02:56:12,175606,177035,1430,10,16,Auto,2,Fri Jul 20 23:08:27 2018
Call_Me_By_Your_Name.mov,Y:\Films_converted,00:00:10:00,23.976,48000,2,1920 x 1080,Cineform HD,02:02:56:12,02:03:06:12,177036,177275,240,10,16,Auto,2,Fri Jul 20 23:08:27 2018
Call_Me_By_Your_Name.mov,Y:\Films_converted,00:00:29:02,23.976,48000,2,1920 x 1080,Cineform HD,02:03:06:12,02:03:35:14,177276,177973,698,10,16,Auto,2,Fri Jul 20 23:08:27 2018
Call_Me_By_Your_Name.mov,Y:\Films_converted,00:00:15:19,23.976,48000,2,1920 x 1080,Cineform HD,02:03:35:14,02:03:51:09,177974,178352,379,10,16,Auto,2,Fri Jul 20 23:08:27 2018
Call_Me_By_Your_Name.mov,Y:\Films_converted,00:00:03:09,23.976,48000,2,1920 x 1080,Cineform HD,02:03:51:09,02:03:54:18,178353,178433,81,10,16,Auto,2,Fri Jul 20 23:08:27 2018
Call_Me_By_Your_Name.mov,Y:\Films_converted,00:00:04:21,23.976,48000,2,1920 x 1080,Cineform HD,02:03:54:18,02:03:59:15,178434,178550,117,10,16,Auto,2,Fri Jul 20 23:08:27 2018
Call_Me_By_Your_Name.mov,Y:\Films_converted,00:00:06:06,23.976,48000,2,1920 x 1080,Cineform HD,02:03:59:15,02:04:05:21,178551,178700,150,10,16,Auto,2,Fri Jul 20 23:08:27 2018
Call_Me_By_Your_Name.mov,Y:\Films_converted,00:00:04:09,23.976,48000,2,1920 x 1080,Cineform HD,02:04:05:21,02:04:10:06,178701,178805,105,10,16,Auto,2,Fri Jul 20 23:08:27 2018
Call_Me_By_Your_Name.mov,Y:\Films_converted,00:01:03:12,23.976,48000,2,1920 x 1080,Cineform HD,02:04:10:06,02:05:13:18,178806,180329,1524,10,16,Auto,2,Fri Jul 20 23:08:27 2018
Call_Me_By_Your_Name.mov,Y:\Films_converted,00:00:04:07,23.976,48000,2,1920 x 1080,Cineform HD,02:05:13:18,02:05:18:01,180330,180432,103,10,16,Auto,2,Fri Jul 20 23:08:27 2018
Call_Me_By_Your_Name.mov,Y:\Films_converted,00:00:09:13,23.976,48000,2,1920 x 1080,Cineform HD,02:05:18:01,02:05:27:14,180433,180661,229,10,16,Auto,2,Fri Jul 20 23:08:27 2018
Call_Me_By_Your_Name.mov,Y:\Films_converted,00:00:27:19,23.976,48000,2,1920 x 1080,Cineform HD,02:05:27:14,02:05:55:09,180662,181328,667,10,16,Auto,2,Fri Jul 20 23:08:27 2018
Call_Me_By_Your_Name.mov,Y:\Films_converted,00:00:54:16,23.976,48000,2,1920 x 1080,Cineform HD,02:05:55:09,02:06:50:01,181329,182640,1312,10,16,Auto,2,Fri Jul 20 23:08:27 2018
Call_Me_By_Your_Name.mov,Y:\Films_converted,00:00:42:13,23.976,48000,2,1920 x 1080,Cineform HD,02:06:50:01,02:07:32:14,182641,183661,1021,10,16,Auto,2,Fri Jul 20 23:08:27 2018
Call_Me_By_Your_Name.mov,Y:\Films_converted,00:04:10:12,23.976,48000,2,1920 x 1080,Cineform HD,02:07:32:14,02:11:43:02,183662,189673,6012,10,16,Auto,2,Fri Jul 20 23:08:27 2018
