File Name,Clip Directory,Duration TC,Frame Rate,Audio Sample Rate,Audio Channels,Resolution,Codec,Start TC,End TC,Start Frame,End Frame,Frames,Bit Depth,Audio Bit Depth,Data Level,Audio Channels2,Date Modified,
THE_FLORIDA_PROJECT.mov,Y:\Films_converted,00:00:29:15,24.000,48000,2,1920 x 1080,Cineform HD,00:00:13:17,00:00:43:08,329,1039,711,10,16,Auto,2,Sun Jul 22 17:43:28 2018,
THE_FLORIDA_PROJECT.mov,Y:\Films_converted,00:00:11:16,24.000,48000,2,1920 x 1080,Cineform HD,00:00:43:08,00:00:55:00,1040,1319,280,10,16,Auto,2,Sun Jul 22 17:43:28 2018,
THE_FLORIDA_PROJECT.mov,Y:\Films_converted,00:00:03:22,24.000,48000,2,1920 x 1080,Cineform HD,00:00:55:00,00:00:58:22,1320,1413,94,10,16,Auto,2,Sun Jul 22 17:43:28 2018,
THE_FLORIDA_PROJECT.mov,Y:\Films_converted,00:00:02:10,24.000,48000,2,1920 x 1080,Cineform HD,00:00:58:22,00:01:01:08,1414,1471,58,10,16,Auto,2,Sun Jul 22 17:43:28 2018,
THE_FLORIDA_PROJECT.mov,Y:\Films_converted,00:00:05:03,24.000,48000,2,1920 x 1080,Cineform HD,00:01:01:08,00:01:06:11,1472,1594,123,10,16,Auto,2,Sun Jul 22 17:43:28 2018,
THE_FLORIDA_PROJECT.mov,Y:\Films_converted,00:00:03:02,24.000,48000,2,1920 x 1080,Cineform HD,00:01:06:11,00:01:09:13,1595,1668,74,10,16,Auto,2,Sun Jul 22 17:43:28 2018,
THE_FLORIDA_PROJECT.mov,Y:\Films_converted,00:00:06:09,24.000,48000,2,1920 x 1080,Cineform HD,00:01:09:13,00:01:15:22,1669,1821,153,10,16,Auto,2,Sun Jul 22 17:43:28 2018,
THE_FLORIDA_PROJECT.mov,Y:\Films_converted,00:00:05:02,24.000,48000,2,1920 x 1080,Cineform HD,00:01:15:22,00:01:21:00,1822,1943,122,10,16,Auto,2,Sun Jul 22 17:43:28 2018,
THE_FLORIDA_PROJECT.mov,Y:\Films_converted,00:00:01:21,24.000,48000,2,1920 x 1080,Cineform HD,00:01:21:00,00:01:22:21,1944,1988,45,10,16,Auto,2,Sun Jul 22 17:43:28 2018,
THE_FLORIDA_PROJECT.mov,Y:\Films_converted,00:01:11:14,24.000,48000,2,1920 x 1080,Cineform HD,00:01:22:21,00:02:34:11,1989,3706,1718,10,16,Auto,2,Sun Jul 22 17:43:28 2018,
THE_FLORIDA_PROJECT.mov,Y:\Films_converted,00:00:09:08,24.000,48000,2,1920 x 1080,Cineform HD,00:02:34:11,00:02:43:19,3707,3930,224,10,16,Auto,2,Sun Jul 22 17:43:28 2018,
THE_FLORIDA_PROJECT.mov,Y:\Films_converted,00:00:08:18,24.000,48000,2,1920 x 1080,Cineform HD,00:02:43:19,00:02:52:13,3931,4140,210,10,16,Auto,2,Sun Jul 22 17:43:28 2018,
THE_FLORIDA_PROJECT.mov,Y:\Films_converted,00:00:16:07,24.000,48000,2,1920 x 1080,Cineform HD,00:02:52:13,00:03:08:20,4141,4531,391,10,16,Auto,2,Sun Jul 22 17:43:28 2018,
THE_FLORIDA_PROJECT.mov,Y:\Films_converted,00:00:24:18,24.000,48000,2,1920 x 1080,Cineform HD,00:03:08:20,00:03:33:14,4532,5125,594,10,16,Auto,2,Sun Jul 22 17:43:28 2018,
THE_FLORIDA_PROJECT.mov,Y:\Films_converted,00:00:02:08,24.000,48000,2,1920 x 1080,Cineform HD,00:03:33:14,00:03:35:22,5126,5181,56,10,16,Auto,2,Sun Jul 22 17:43:28 2018,
THE_FLORIDA_PROJECT.mov,Y:\Films_converted,00:00:05:23,24.000,48000,2,1920 x 1080,Cineform HD,00:03:35:22,00:03:41:21,5182,5324,143,10,16,Auto,2,Sun Jul 22 17:43:28 2018,
THE_FLORIDA_PROJECT.mov,Y:\Films_converted,00:00:01:16,24.000,48000,2,1920 x 1080,Cineform HD,00:03:41:21,00:03:43:13,5325,5364,40,10,16,Auto,2,Sun Jul 22 17:43:28 2018,
THE_FLORIDA_PROJECT.mov,Y:\Films_converted,00:00:02:17,24.000,48000,2,1920 x 1080,Cineform HD,00:03:43:13,00:03:46:06,5365,5429,65,10,16,Auto,2,Sun Jul 22 17:43:28 2018,
THE_FLORIDA_PROJECT.mov,Y:\Films_converted,00:00:01:10,24.000,48000,2,1920 x 1080,Cineform HD,00:03:46:06,00:03:47:16,5430,5463,34,10,16,Auto,2,Sun Jul 22 17:43:28 2018,
THE_FLORIDA_PROJECT.mov,Y:\Films_converted,00:00:01:22,24.000,48000,2,1920 x 1080,Cineform HD,00:03:47:16,00:03:49:14,5464,5509,46,10,16,Auto,2,Sun Jul 22 17:43:28 2018,
THE_FLORIDA_PROJECT.mov,Y:\Films_converted,00:00:03:07,24.000,48000,2,1920 x 1080,Cineform HD,00:03:49:14,00:03:52:21,5510,5588,79,10,16,Auto,2,Sun Jul 22 17:43:28 2018,
THE_FLORIDA_PROJECT.mov,Y:\Films_converted,00:00:01:21,24.000,48000,2,1920 x 1080,Cineform HD,00:03:52:21,00:03:54:18,5589,5633,45,10,16,Auto,2,Sun Jul 22 17:43:28 2018,
THE_FLORIDA_PROJECT.mov,Y:\Films_converted,00:00:02:02,24.000,48000,2,1920 x 1080,Cineform HD,00:03:54:18,00:03:56:20,5634,5683,50,10,16,Auto,2,Sun Jul 22 17:43:28 2018,
THE_FLORIDA_PROJECT.mov,Y:\Films_converted,00:00:03:18,24.000,48000,2,1920 x 1080,Cineform HD,00:03:56:20,00:04:00:14,5684,5773,90,10,16,Auto,2,Sun Jul 22 17:43:28 2018,
THE_FLORIDA_PROJECT.mov,Y:\Films_converted,00:00:02:16,24.000,48000,2,1920 x 1080,Cineform HD,00:04:00:14,00:04:03:06,5774,5837,64,10,16,Auto,2,Sun Jul 22 17:43:28 2018,
THE_FLORIDA_PROJECT.mov,Y:\Films_converted,00:00:01:16,24.000,48000,2,1920 x 1080,Cineform HD,00:04:03:06,00:04:04:22,5838,5877,40,10,16,Auto,2,Sun Jul 22 17:43:28 2018,
THE_FLORIDA_PROJECT.mov,Y:\Films_converted,00:00:03:03,24.000,48000,2,1920 x 1080,Cineform HD,00:04:04:22,00:04:08:01,5878,5952,75,10,16,Auto,2,Sun Jul 22 17:43:28 2018,
THE_FLORIDA_PROJECT.mov,Y:\Films_converted,00:00:04:14,24.000,48000,2,1920 x 1080,Cineform HD,00:04:08:01,00:04:12:15,5953,6062,110,10,16,Auto,2,Sun Jul 22 17:43:28 2018,
THE_FLORIDA_PROJECT.mov,Y:\Films_converted,00:00:01:15,24.000,48000,2,1920 x 1080,Cineform HD,00:04:12:15,00:04:14:06,6063,6101,39,10,16,Auto,2,Sun Jul 22 17:43:28 2018,
THE_FLORIDA_PROJECT.mov,Y:\Films_converted,00:00:03:20,24.000,48000,2,1920 x 1080,Cineform HD,00:04:14:06,00:04:18:02,6102,6193,92,10,16,Auto,2,Sun Jul 22 17:43:28 2018,
THE_FLORIDA_PROJECT.mov,Y:\Films_converted,00:00:02:16,24.000,48000,2,1920 x 1080,Cineform HD,00:04:18:02,00:04:20:18,6194,6257,64,10,16,Auto,2,Sun Jul 22 17:43:28 2018,
THE_FLORIDA_PROJECT.mov,Y:\Films_converted,00:00:03:20,24.000,48000,2,1920 x 1080,Cineform HD,00:04:20:18,00:04:24:14,6258,6349,92,10,16,Auto,2,Sun Jul 22 17:43:28 2018,
THE_FLORIDA_PROJECT.mov,Y:\Films_converted,00:00:01:22,24.000,48000,2,1920 x 1080,Cineform HD,00:04:24:14,00:04:26:12,6350,6395,46,10,16,Auto,2,Sun Jul 22 17:43:28 2018,
THE_FLORIDA_PROJECT.mov,Y:\Films_converted,00:00:15:19,24.000,48000,2,1920 x 1080,Cineform HD,00:04:26:12,00:04:42:07,6396,6774,379,10,16,Auto,2,Sun Jul 22 17:43:28 2018,
THE_FLORIDA_PROJECT.mov,Y:\Films_converted,00:00:05:17,24.000,48000,2,1920 x 1080,Cineform HD,00:04:42:07,00:04:48:00,6775,6911,137,10,16,Auto,2,Sun Jul 22 17:43:28 2018,
THE_FLORIDA_PROJECT.mov,Y:\Films_converted,00:00:06:16,24.000,48000,2,1920 x 1080,Cineform HD,00:04:48:00,00:04:54:16,6912,7071,160,10,16,Auto,2,Sun Jul 22 17:43:28 2018,
THE_FLORIDA_PROJECT.mov,Y:\Films_converted,00:00:10:08,24.000,48000,2,1920 x 1080,Cineform HD,00:04:54:16,00:05:05:00,7072,7319,248,10,16,Auto,2,Sun Jul 22 17:43:28 2018,
THE_FLORIDA_PROJECT.mov,Y:\Films_converted,00:00:03:18,24.000,48000,2,1920 x 1080,Cineform HD,00:05:05:00,00:05:08:18,7320,7409,90,10,16,Auto,2,Sun Jul 22 17:43:28 2018,
THE_FLORIDA_PROJECT.mov,Y:\Films_converted,00:00:13:17,24.000,48000,2,1920 x 1080,Cineform HD,00:05:08:18,00:05:22:11,7410,7738,329,10,16,Auto,2,Sun Jul 22 17:43:28 2018,
THE_FLORIDA_PROJECT.mov,Y:\Films_converted,00:00:21:03,24.000,48000,2,1920 x 1080,Cineform HD,00:05:22:11,00:05:43:14,7739,8245,507,10,16,Auto,2,Sun Jul 22 17:43:28 2018,
THE_FLORIDA_PROJECT.mov,Y:\Films_converted,00:00:04:10,24.000,48000,2,1920 x 1080,Cineform HD,00:05:43:14,00:05:48:00,8246,8351,106,10,16,Auto,2,Sun Jul 22 17:43:28 2018,
THE_FLORIDA_PROJECT.mov,Y:\Films_converted,00:00:08:23,24.000,48000,2,1920 x 1080,Cineform HD,00:05:48:00,00:05:56:23,8352,8566,215,10,16,Auto,2,Sun Jul 22 17:43:28 2018,
THE_FLORIDA_PROJECT.mov,Y:\Films_converted,00:00:03:12,24.000,48000,2,1920 x 1080,Cineform HD,00:05:56:23,00:06:00:11,8567,8650,84,10,16,Auto,2,Sun Jul 22 17:43:28 2018,
THE_FLORIDA_PROJECT.mov,Y:\Films_converted,00:00:03:03,24.000,48000,2,1920 x 1080,Cineform HD,00:06:00:11,00:06:03:14,8651,8725,75,10,16,Auto,2,Sun Jul 22 17:43:28 2018,
THE_FLORIDA_PROJECT.mov,Y:\Films_converted,00:00:03:13,24.000,48000,2,1920 x 1080,Cineform HD,00:06:03:14,00:06:07:03,8726,8810,85,10,16,Auto,2,Sun Jul 22 17:43:28 2018,
THE_FLORIDA_PROJECT.mov,Y:\Films_converted,00:00:05:15,24.000,48000,2,1920 x 1080,Cineform HD,00:06:07:03,00:06:12:18,8811,8945,135,10,16,Auto,2,Sun Jul 22 17:43:28 2018,
THE_FLORIDA_PROJECT.mov,Y:\Films_converted,00:00:06:19,24.000,48000,2,1920 x 1080,Cineform HD,00:06:12:18,00:06:19:13,8946,9108,163,10,16,Auto,2,Sun Jul 22 17:43:28 2018,
THE_FLORIDA_PROJECT.mov,Y:\Films_converted,00:00:11:12,24.000,48000,2,1920 x 1080,Cineform HD,00:06:19:13,00:06:31:01,9109,9384,276,10,16,Auto,2,Sun Jul 22 17:43:28 2018,
THE_FLORIDA_PROJECT.mov,Y:\Films_converted,00:00:05:18,24.000,48000,2,1920 x 1080,Cineform HD,00:06:31:01,00:06:36:19,9385,9522,138,10,16,Auto,2,Sun Jul 22 17:43:28 2018,
THE_FLORIDA_PROJECT.mov,Y:\Films_converted,00:00:06:03,24.000,48000,2,1920 x 1080,Cineform HD,00:06:36:19,00:06:42:22,9523,9669,147,10,16,Auto,2,Sun Jul 22 17:43:28 2018,
THE_FLORIDA_PROJECT.mov,Y:\Films_converted,00:00:05:20,24.000,48000,2,1920 x 1080,Cineform HD,00:06:42:22,00:06:48:18,9670,9809,140,10,16,Auto,2,Sun Jul 22 17:43:28 2018,
THE_FLORIDA_PROJECT.mov,Y:\Films_converted,00:00:09:18,24.000,48000,2,1920 x 1080,Cineform HD,00:06:48:18,00:06:58:12,9810,10043,234,10,16,Auto,2,Sun Jul 22 17:43:28 2018,
THE_FLORIDA_PROJECT.mov,Y:\Films_converted,00:00:23:06,24.000,48000,2,1920 x 1080,Cineform HD,00:06:58:12,00:07:21:18,10044,10601,558,10,16,Auto,2,Sun Jul 22 17:43:28 2018,
THE_FLORIDA_PROJECT.mov,Y:\Films_converted,00:00:23:05,24.000,48000,2,1920 x 1080,Cineform HD,00:07:21:18,00:07:44:23,10602,11158,557,10,16,Auto,2,Sun Jul 22 17:43:28 2018,
THE_FLORIDA_PROJECT.mov,Y:\Films_converted,00:00:04:04,24.000,48000,2,1920 x 1080,Cineform HD,00:07:44:23,00:07:49:03,11159,11258,100,10,16,Auto,2,Sun Jul 22 17:43:28 2018,
THE_FLORIDA_PROJECT.mov,Y:\Films_converted,00:00:03:08,24.000,48000,2,1920 x 1080,Cineform HD,00:07:49:03,00:07:52:11,11259,11338,80,10,16,Auto,2,Sun Jul 22 17:43:28 2018,
THE_FLORIDA_PROJECT.mov,Y:\Films_converted,00:00:11:02,24.000,48000,2,1920 x 1080,Cineform HD,00:07:52:11,00:08:03:13,11339,11604,266,10,16,Auto,2,Sun Jul 22 17:43:28 2018,
THE_FLORIDA_PROJECT.mov,Y:\Films_converted,00:00:07:17,24.000,48000,2,1920 x 1080,Cineform HD,00:08:03:13,00:08:11:06,11605,11789,185,10,16,Auto,2,Sun Jul 22 17:43:28 2018,
THE_FLORIDA_PROJECT.mov,Y:\Films_converted,00:00:09:14,24.000,48000,2,1920 x 1080,Cineform HD,00:08:11:06,00:08:20:20,11790,12019,230,10,16,Auto,2,Sun Jul 22 17:43:28 2018,
THE_FLORIDA_PROJECT.mov,Y:\Films_converted,00:00:17:06,24.000,48000,2,1920 x 1080,Cineform HD,00:08:20:20,00:08:38:02,12020,12433,414,10,16,Auto,2,Sun Jul 22 17:43:28 2018,
THE_FLORIDA_PROJECT.mov,Y:\Films_converted,00:00:01:06,24.000,48000,2,1920 x 1080,Cineform HD,00:08:38:02,00:08:39:08,12434,12463,30,10,16,Auto,2,Sun Jul 22 17:43:28 2018,
THE_FLORIDA_PROJECT.mov,Y:\Films_converted,00:00:04:18,24.000,48000,2,1920 x 1080,Cineform HD,00:08:39:08,00:08:44:02,12464,12577,114,10,16,Auto,2,Sun Jul 22 17:43:28 2018,
THE_FLORIDA_PROJECT.mov,Y:\Films_converted,00:00:04:07,24.000,48000,2,1920 x 1080,Cineform HD,00:08:44:02,00:08:48:09,12578,12680,103,10,16,Auto,2,Sun Jul 22 17:43:28 2018,
THE_FLORIDA_PROJECT.mov,Y:\Films_converted,00:00:04:01,24.000,48000,2,1920 x 1080,Cineform HD,00:08:48:09,00:08:52:10,12681,12777,97,10,16,Auto,2,Sun Jul 22 17:43:28 2018,
THE_FLORIDA_PROJECT.mov,Y:\Films_converted,00:00:02:15,24.000,48000,2,1920 x 1080,Cineform HD,00:08:52:10,00:08:55:01,12778,12840,63,10,16,Auto,2,Sun Jul 22 17:43:28 2018,
THE_FLORIDA_PROJECT.mov,Y:\Films_converted,00:00:04:21,24.000,48000,2,1920 x 1080,Cineform HD,00:08:55:01,00:08:59:22,12841,12957,117,10,16,Auto,2,Sun Jul 22 17:43:28 2018,
THE_FLORIDA_PROJECT.mov,Y:\Films_converted,00:00:08:21,24.000,48000,2,1920 x 1080,Cineform HD,00:08:59:22,00:09:08:19,12958,13170,213,10,16,Auto,2,Sun Jul 22 17:43:28 2018,
THE_FLORIDA_PROJECT.mov,Y:\Films_converted,00:00:03:14,24.000,48000,2,1920 x 1080,Cineform HD,00:09:08:19,00:09:12:09,13171,13256,86,10,16,Auto,2,Sun Jul 22 17:43:28 2018,
THE_FLORIDA_PROJECT.mov,Y:\Films_converted,00:00:05:12,24.000,48000,2,1920 x 1080,Cineform HD,00:09:12:09,00:09:17:21,13257,13388,132,10,16,Auto,2,Sun Jul 22 17:43:28 2018,
THE_FLORIDA_PROJECT.mov,Y:\Films_converted,00:00:07:23,24.000,48000,2,1920 x 1080,Cineform HD,00:09:17:21,00:09:25:20,13389,13579,191,10,16,Auto,2,Sun Jul 22 17:43:28 2018,
THE_FLORIDA_PROJECT.mov,Y:\Films_converted,00:00:05:12,24.000,48000,2,1920 x 1080,Cineform HD,00:09:25:20,00:09:31:08,13580,13711,132,10,16,Auto,2,Sun Jul 22 17:43:28 2018,
THE_FLORIDA_PROJECT.mov,Y:\Films_converted,00:00:34:15,24.000,48000,2,1920 x 1080,Cineform HD,00:09:31:08,00:10:05:23,13712,14542,831,10,16,Auto,2,Sun Jul 22 17:43:28 2018,
THE_FLORIDA_PROJECT.mov,Y:\Films_converted,00:00:02:11,24.000,48000,2,1920 x 1080,Cineform HD,00:10:05:23,00:10:08:10,14543,14601,59,10,16,Auto,2,Sun Jul 22 17:43:28 2018,
THE_FLORIDA_PROJECT.mov,Y:\Films_converted,00:00:02:06,24.000,48000,2,1920 x 1080,Cineform HD,00:10:08:10,00:10:10:16,14602,14655,54,10,16,Auto,2,Sun Jul 22 17:43:28 2018,
THE_FLORIDA_PROJECT.mov,Y:\Films_converted,00:00:08:03,24.000,48000,2,1920 x 1080,Cineform HD,00:10:10:16,00:10:18:19,14656,14850,195,10,16,Auto,2,Sun Jul 22 17:43:28 2018,
THE_FLORIDA_PROJECT.mov,Y:\Films_converted,00:00:07:15,24.000,48000,2,1920 x 1080,Cineform HD,00:10:18:19,00:10:26:10,14851,15033,183,10,16,Auto,2,Sun Jul 22 17:43:28 2018,
THE_FLORIDA_PROJECT.mov,Y:\Films_converted,00:00:16:03,24.000,48000,2,1920 x 1080,Cineform HD,00:10:26:10,00:10:42:13,15034,15420,387,10,16,Auto,2,Sun Jul 22 17:43:28 2018,
THE_FLORIDA_PROJECT.mov,Y:\Films_converted,00:00:14:10,24.000,48000,2,1920 x 1080,Cineform HD,00:10:42:13,00:10:56:23,15421,15766,346,10,16,Auto,2,Sun Jul 22 17:43:28 2018,
THE_FLORIDA_PROJECT.mov,Y:\Films_converted,00:00:18:14,24.000,48000,2,1920 x 1080,Cineform HD,00:10:56:23,00:11:15:13,15767,16212,446,10,16,Auto,2,Sun Jul 22 17:43:28 2018,
THE_FLORIDA_PROJECT.mov,Y:\Films_converted,00:00:14:07,24.000,48000,2,1920 x 1080,Cineform HD,00:11:15:13,00:11:29:20,16213,16555,343,10,16,Auto,2,Sun Jul 22 17:43:28 2018,
THE_FLORIDA_PROJECT.mov,Y:\Films_converted,00:00:04:03,24.000,48000,2,1920 x 1080,Cineform HD,00:11:29:20,00:11:33:23,16556,16654,99,10,16,Auto,2,Sun Jul 22 17:43:28 2018,
THE_FLORIDA_PROJECT.mov,Y:\Films_converted,00:00:04:22,24.000,48000,2,1920 x 1080,Cineform HD,00:11:33:23,00:11:38:21,16655,16772,118,10,16,Auto,2,Sun Jul 22 17:43:28 2018,
THE_FLORIDA_PROJECT.mov,Y:\Films_converted,00:00:03:09,24.000,48000,2,1920 x 1080,Cineform HD,00:11:38:21,00:11:42:06,16773,16853,81,10,16,Auto,2,Sun Jul 22 17:43:28 2018,
THE_FLORIDA_PROJECT.mov,Y:\Films_converted,00:00:02:20,24.000,48000,2,1920 x 1080,Cineform HD,00:11:42:06,00:11:45:02,16854,16921,68,10,16,Auto,2,Sun Jul 22 17:43:28 2018,
THE_FLORIDA_PROJECT.mov,Y:\Films_converted,00:00:06:03,24.000,48000,2,1920 x 1080,Cineform HD,00:11:45:02,00:11:51:05,16922,17068,147,10,16,Auto,2,Sun Jul 22 17:43:28 2018,
THE_FLORIDA_PROJECT.mov,Y:\Films_converted,00:00:03:07,24.000,48000,2,1920 x 1080,Cineform HD,00:11:51:05,00:11:54:12,17069,17147,79,10,16,Auto,2,Sun Jul 22 17:43:28 2018,
THE_FLORIDA_PROJECT.mov,Y:\Films_converted,00:00:03:14,24.000,48000,2,1920 x 1080,Cineform HD,00:11:54:12,00:11:58:02,17148,17233,86,10,16,Auto,2,Sun Jul 22 17:43:28 2018,
THE_FLORIDA_PROJECT.mov,Y:\Films_converted,00:00:03:07,24.000,48000,2,1920 x 1080,Cineform HD,00:11:58:02,00:12:01:09,17234,17312,79,10,16,Auto,2,Sun Jul 22 17:43:28 2018,
THE_FLORIDA_PROJECT.mov,Y:\Films_converted,00:00:11:07,24.000,48000,2,1920 x 1080,Cineform HD,00:12:01:09,00:12:12:16,17313,17583,271,10,16,Auto,2,Sun Jul 22 17:43:28 2018,
THE_FLORIDA_PROJECT.mov,Y:\Films_converted,00:00:13:17,24.000,48000,2,1920 x 1080,Cineform HD,00:12:12:16,00:12:26:09,17584,17912,329,10,16,Auto,2,Sun Jul 22 17:43:28 2018,
THE_FLORIDA_PROJECT.mov,Y:\Films_converted,00:00:19:04,24.000,48000,2,1920 x 1080,Cineform HD,00:12:26:09,00:12:45:13,17913,18372,460,10,16,Auto,2,Sun Jul 22 17:43:28 2018,
THE_FLORIDA_PROJECT.mov,Y:\Films_converted,00:00:05:04,24.000,48000,2,1920 x 1080,Cineform HD,00:12:45:13,00:12:50:17,18373,18496,124,10,16,Auto,2,Sun Jul 22 17:43:28 2018,
THE_FLORIDA_PROJECT.mov,Y:\Films_converted,00:00:12:01,24.000,48000,2,1920 x 1080,Cineform HD,00:12:50:17,00:13:02:18,18497,18785,289,10,16,Auto,2,Sun Jul 22 17:43:28 2018,
THE_FLORIDA_PROJECT.mov,Y:\Films_converted,00:00:04:15,24.000,48000,2,1920 x 1080,Cineform HD,00:13:02:18,00:13:07:09,18786,18896,111,10,16,Auto,2,Sun Jul 22 17:43:28 2018,
THE_FLORIDA_PROJECT.mov,Y:\Films_converted,00:00:08:12,24.000,48000,2,1920 x 1080,Cineform HD,00:13:07:09,00:13:15:21,18897,19100,204,10,16,Auto,2,Sun Jul 22 17:43:28 2018,
THE_FLORIDA_PROJECT.mov,Y:\Films_converted,00:00:16:13,24.000,48000,2,1920 x 1080,Cineform HD,00:13:15:21,00:13:32:10,19101,19497,397,10,16,Auto,2,Sun Jul 22 17:43:28 2018,
THE_FLORIDA_PROJECT.mov,Y:\Films_converted,00:00:04:07,24.000,48000,2,1920 x 1080,Cineform HD,00:13:32:10,00:13:36:17,19498,19600,103,10,16,Auto,2,Sun Jul 22 17:43:28 2018,
THE_FLORIDA_PROJECT.mov,Y:\Films_converted,00:00:10:12,24.000,48000,2,1920 x 1080,Cineform HD,00:13:36:17,00:13:47:05,19601,19852,252,10,16,Auto,2,Sun Jul 22 17:43:28 2018,
THE_FLORIDA_PROJECT.mov,Y:\Films_converted,00:00:07:01,24.000,48000,2,1920 x 1080,Cineform HD,00:13:47:05,00:13:54:06,19853,20021,169,10,16,Auto,2,Sun Jul 22 17:43:28 2018,
THE_FLORIDA_PROJECT.mov,Y:\Films_converted,00:00:17:06,24.000,48000,2,1920 x 1080,Cineform HD,00:13:54:06,00:14:11:12,20022,20435,414,10,16,Auto,2,Sun Jul 22 17:43:28 2018,
THE_FLORIDA_PROJECT.mov,Y:\Films_converted,00:00:08:10,24.000,48000,2,1920 x 1080,Cineform HD,00:14:11:12,00:14:19:22,20436,20637,202,10,16,Auto,2,Sun Jul 22 17:43:28 2018,
THE_FLORIDA_PROJECT.mov,Y:\Films_converted,00:00:23:09,24.000,48000,2,1920 x 1080,Cineform HD,00:14:19:22,00:14:43:07,20638,21198,561,10,16,Auto,2,Sun Jul 22 17:43:28 2018,
THE_FLORIDA_PROJECT.mov,Y:\Films_converted,00:00:49:09,24.000,48000,2,1920 x 1080,Cineform HD,00:14:43:07,00:15:32:16,21199,22383,1185,10,16,Auto,2,Sun Jul 22 17:43:28 2018,
THE_FLORIDA_PROJECT.mov,Y:\Films_converted,00:00:19:16,24.000,48000,2,1920 x 1080,Cineform HD,00:15:32:16,00:15:52:08,22384,22855,472,10,16,Auto,2,Sun Jul 22 17:43:28 2018,
THE_FLORIDA_PROJECT.mov,Y:\Films_converted,00:00:15:18,24.000,48000,2,1920 x 1080,Cineform HD,00:15:52:08,00:16:08:02,22856,23233,378,10,16,Auto,2,Sun Jul 22 17:43:28 2018,
THE_FLORIDA_PROJECT.mov,Y:\Films_converted,00:00:02:18,24.000,48000,2,1920 x 1080,Cineform HD,00:16:08:02,00:16:10:20,23234,23299,66,10,16,Auto,2,Sun Jul 22 17:43:28 2018,
THE_FLORIDA_PROJECT.mov,Y:\Films_converted,00:00:04:13,24.000,48000,2,1920 x 1080,Cineform HD,00:16:10:20,00:16:15:09,23300,23408,109,10,16,Auto,2,Sun Jul 22 17:43:28 2018,
THE_FLORIDA_PROJECT.mov,Y:\Films_converted,00:00:17:09,24.000,48000,2,1920 x 1080,Cineform HD,00:16:15:09,00:16:32:18,23409,23825,417,10,16,Auto,2,Sun Jul 22 17:43:28 2018,
THE_FLORIDA_PROJECT.mov,Y:\Films_converted,00:00:11:21,24.000,48000,2,1920 x 1080,Cineform HD,00:16:32:18,00:16:44:15,23826,24110,285,10,16,Auto,2,Sun Jul 22 17:43:28 2018,
THE_FLORIDA_PROJECT.mov,Y:\Films_converted,00:00:07:23,24.000,48000,2,1920 x 1080,Cineform HD,00:16:44:15,00:16:52:14,24111,24301,191,10,16,Auto,2,Sun Jul 22 17:43:28 2018,
THE_FLORIDA_PROJECT.mov,Y:\Films_converted,00:00:04:05,24.000,48000,2,1920 x 1080,Cineform HD,00:16:52:14,00:16:56:19,24302,24402,101,10,16,Auto,2,Sun Jul 22 17:43:28 2018,
THE_FLORIDA_PROJECT.mov,Y:\Films_converted,00:00:03:10,24.000,48000,2,1920 x 1080,Cineform HD,00:16:56:19,00:17:00:05,24403,24484,82,10,16,Auto,2,Sun Jul 22 17:43:28 2018,
THE_FLORIDA_PROJECT.mov,Y:\Films_converted,00:00:09:08,24.000,48000,2,1920 x 1080,Cineform HD,00:17:00:05,00:17:09:13,24485,24708,224,10,16,Auto,2,Sun Jul 22 17:43:28 2018,
THE_FLORIDA_PROJECT.mov,Y:\Films_converted,00:00:05:19,24.000,48000,2,1920 x 1080,Cineform HD,00:17:09:13,00:17:15:08,24709,24847,139,10,16,Auto,2,Sun Jul 22 17:43:28 2018,
THE_FLORIDA_PROJECT.mov,Y:\Films_converted,00:00:11:12,24.000,48000,2,1920 x 1080,Cineform HD,00:17:15:08,00:17:26:20,24848,25123,276,10,16,Auto,2,Sun Jul 22 17:43:28 2018,
THE_FLORIDA_PROJECT.mov,Y:\Films_converted,00:00:35:20,24.000,48000,2,1920 x 1080,Cineform HD,00:17:26:20,00:18:02:16,25124,25983,860,10,16,Auto,2,Sun Jul 22 17:43:28 2018,
THE_FLORIDA_PROJECT.mov,Y:\Films_converted,00:00:12:10,24.000,48000,2,1920 x 1080,Cineform HD,00:18:02:16,00:18:15:02,25984,26281,298,10,16,Auto,2,Sun Jul 22 17:43:28 2018,
THE_FLORIDA_PROJECT.mov,Y:\Films_converted,00:00:30:07,24.000,48000,2,1920 x 1080,Cineform HD,00:18:15:02,00:18:45:09,26282,27008,727,10,16,Auto,2,Sun Jul 22 17:43:28 2018,
THE_FLORIDA_PROJECT.mov,Y:\Films_converted,00:00:13:09,24.000,48000,2,1920 x 1080,Cineform HD,00:18:45:09,00:18:58:18,27009,27329,321,10,16,Auto,2,Sun Jul 22 17:43:28 2018,
THE_FLORIDA_PROJECT.mov,Y:\Films_converted,00:00:37:08,24.000,48000,2,1920 x 1080,Cineform HD,00:18:58:18,00:19:36:02,27330,28225,896,10,16,Auto,2,Sun Jul 22 17:43:28 2018,
THE_FLORIDA_PROJECT.mov,Y:\Films_converted,00:00:04:02,24.000,48000,2,1920 x 1080,Cineform HD,00:19:36:02,00:19:40:04,28226,28323,98,10,16,Auto,2,Sun Jul 22 17:43:28 2018,
THE_FLORIDA_PROJECT.mov,Y:\Films_converted,00:00:06:18,24.000,48000,2,1920 x 1080,Cineform HD,00:19:40:04,00:19:46:22,28324,28485,162,10,16,Auto,2,Sun Jul 22 17:43:28 2018,
THE_FLORIDA_PROJECT.mov,Y:\Films_converted,00:00:08:17,24.000,48000,2,1920 x 1080,Cineform HD,00:19:46:22,00:19:55:15,28486,28694,209,10,16,Auto,2,Sun Jul 22 17:43:28 2018,
THE_FLORIDA_PROJECT.mov,Y:\Films_converted,00:00:08:00,24.000,48000,2,1920 x 1080,Cineform HD,00:19:55:15,00:20:03:15,28695,28886,192,10,16,Auto,2,Sun Jul 22 17:43:28 2018,
THE_FLORIDA_PROJECT.mov,Y:\Films_converted,00:00:03:13,24.000,48000,2,1920 x 1080,Cineform HD,00:20:03:15,00:20:07:04,28887,28971,85,10,16,Auto,2,Sun Jul 22 17:43:28 2018,
THE_FLORIDA_PROJECT.mov,Y:\Films_converted,00:00:03:16,24.000,48000,2,1920 x 1080,Cineform HD,00:20:07:04,00:20:10:20,28972,29059,88,10,16,Auto,2,Sun Jul 22 17:43:28 2018,
THE_FLORIDA_PROJECT.mov,Y:\Films_converted,00:00:02:08,24.000,48000,2,1920 x 1080,Cineform HD,00:20:10:20,00:20:13:04,29060,29115,56,10,16,Auto,2,Sun Jul 22 17:43:28 2018,
THE_FLORIDA_PROJECT.mov,Y:\Films_converted,00:00:01:20,24.000,48000,2,1920 x 1080,Cineform HD,00:20:13:04,00:20:15:00,29116,29159,44,10,16,Auto,2,Sun Jul 22 17:43:28 2018,
THE_FLORIDA_PROJECT.mov,Y:\Films_converted,00:00:02:09,24.000,48000,2,1920 x 1080,Cineform HD,00:20:15:00,00:20:17:09,29160,29216,57,10,16,Auto,2,Sun Jul 22 17:43:28 2018,
THE_FLORIDA_PROJECT.mov,Y:\Films_converted,00:00:02:17,24.000,48000,2,1920 x 1080,Cineform HD,00:20:17:09,00:20:20:02,29217,29281,65,10,16,Auto,2,Sun Jul 22 17:43:28 2018,
THE_FLORIDA_PROJECT.mov,Y:\Films_converted,00:00:02:10,24.000,48000,2,1920 x 1080,Cineform HD,00:20:20:02,00:20:22:12,29282,29339,58,10,16,Auto,2,Sun Jul 22 17:43:28 2018,
THE_FLORIDA_PROJECT.mov,Y:\Films_converted,00:00:04:07,24.000,48000,2,1920 x 1080,Cineform HD,00:20:22:12,00:20:26:19,29340,29442,103,10,16,Auto,2,Sun Jul 22 17:43:28 2018,
THE_FLORIDA_PROJECT.mov,Y:\Films_converted,00:00:03:13,24.000,48000,2,1920 x 1080,Cineform HD,00:20:26:19,00:20:30:08,29443,29527,85,10,16,Auto,2,Sun Jul 22 17:43:28 2018,
THE_FLORIDA_PROJECT.mov,Y:\Films_converted,00:00:05:06,24.000,48000,2,1920 x 1080,Cineform HD,00:20:30:08,00:20:35:14,29528,29653,126,10,16,Auto,2,Sun Jul 22 17:43:28 2018,
THE_FLORIDA_PROJECT.mov,Y:\Films_converted,00:00:02:22,24.000,48000,2,1920 x 1080,Cineform HD,00:20:35:14,00:20:38:12,29654,29723,70,10,16,Auto,2,Sun Jul 22 17:43:28 2018,
THE_FLORIDA_PROJECT.mov,Y:\Films_converted,00:00:05:04,24.000,48000,2,1920 x 1080,Cineform HD,00:20:38:12,00:20:43:16,29724,29847,124,10,16,Auto,2,Sun Jul 22 17:43:28 2018,
THE_FLORIDA_PROJECT.mov,Y:\Films_converted,00:00:03:21,24.000,48000,2,1920 x 1080,Cineform HD,00:20:43:16,00:20:47:13,29848,29940,93,10,16,Auto,2,Sun Jul 22 17:43:28 2018,
THE_FLORIDA_PROJECT.mov,Y:\Films_converted,00:00:03:05,24.000,48000,2,1920 x 1080,Cineform HD,00:20:47:13,00:20:50:18,29941,30017,77,10,16,Auto,2,Sun Jul 22 17:43:28 2018,
THE_FLORIDA_PROJECT.mov,Y:\Films_converted,00:00:02:07,24.000,48000,2,1920 x 1080,Cineform HD,00:20:50:18,00:20:53:01,30018,30072,55,10,16,Auto,2,Sun Jul 22 17:43:28 2018,
THE_FLORIDA_PROJECT.mov,Y:\Films_converted,00:00:11:10,24.000,48000,2,1920 x 1080,Cineform HD,00:20:53:01,00:21:04:11,30073,30346,274,10,16,Auto,2,Sun Jul 22 17:43:28 2018,
THE_FLORIDA_PROJECT.mov,Y:\Films_converted,00:00:04:00,24.000,48000,2,1920 x 1080,Cineform HD,00:21:04:11,00:21:08:11,30347,30442,96,10,16,Auto,2,Sun Jul 22 17:43:28 2018,
THE_FLORIDA_PROJECT.mov,Y:\Films_converted,00:00:13:08,24.000,48000,2,1920 x 1080,Cineform HD,00:21:08:11,00:21:21:19,30443,30762,320,10,16,Auto,2,Sun Jul 22 17:43:28 2018,
THE_FLORIDA_PROJECT.mov,Y:\Films_converted,00:00:04:23,24.000,48000,2,1920 x 1080,Cineform HD,00:21:21:19,00:21:26:18,30763,30881,119,10,16,Auto,2,Sun Jul 22 17:43:28 2018,
THE_FLORIDA_PROJECT.mov,Y:\Films_converted,00:00:39:07,24.000,48000,2,1920 x 1080,Cineform HD,00:21:26:18,00:22:06:01,30882,31824,943,10,16,Auto,2,Sun Jul 22 17:43:28 2018,
THE_FLORIDA_PROJECT.mov,Y:\Films_converted,00:00:05:08,24.000,48000,2,1920 x 1080,Cineform HD,00:22:06:01,00:22:11:09,31825,31952,128,10,16,Auto,2,Sun Jul 22 17:43:28 2018,
THE_FLORIDA_PROJECT.mov,Y:\Films_converted,00:00:39:14,24.000,48000,2,1920 x 1080,Cineform HD,00:22:11:09,00:22:50:23,31953,32902,950,10,16,Auto,2,Sun Jul 22 17:43:28 2018,
THE_FLORIDA_PROJECT.mov,Y:\Films_converted,00:00:24:15,24.000,48000,2,1920 x 1080,Cineform HD,00:22:50:23,00:23:15:14,32903,33493,591,10,16,Auto,2,Sun Jul 22 17:43:28 2018,
THE_FLORIDA_PROJECT.mov,Y:\Films_converted,00:00:09:01,24.000,48000,2,1920 x 1080,Cineform HD,00:23:15:14,00:23:24:15,33494,33710,217,10,16,Auto,2,Sun Jul 22 17:43:28 2018,
THE_FLORIDA_PROJECT.mov,Y:\Films_converted,00:00:06:06,24.000,48000,2,1920 x 1080,Cineform HD,00:23:24:15,00:23:30:21,33711,33860,150,10,16,Auto,2,Sun Jul 22 17:43:28 2018,
THE_FLORIDA_PROJECT.mov,Y:\Films_converted,00:00:05:00,24.000,48000,2,1920 x 1080,Cineform HD,00:23:30:21,00:23:35:21,33861,33980,120,10,16,Auto,2,Sun Jul 22 17:43:28 2018,
THE_FLORIDA_PROJECT.mov,Y:\Films_converted,00:00:02:22,24.000,48000,2,1920 x 1080,Cineform HD,00:23:35:21,00:23:38:19,33981,34050,70,10,16,Auto,2,Sun Jul 22 17:43:28 2018,
THE_FLORIDA_PROJECT.mov,Y:\Films_converted,00:00:03:09,24.000,48000,2,1920 x 1080,Cineform HD,00:23:38:19,00:23:42:04,34051,34131,81,10,16,Auto,2,Sun Jul 22 17:43:28 2018,
THE_FLORIDA_PROJECT.mov,Y:\Films_converted,00:00:04:05,24.000,48000,2,1920 x 1080,Cineform HD,00:23:42:04,00:23:46:09,34132,34232,101,10,16,Auto,2,Sun Jul 22 17:43:28 2018,
THE_FLORIDA_PROJECT.mov,Y:\Films_converted,00:00:03:04,24.000,48000,2,1920 x 1080,Cineform HD,00:23:46:09,00:23:49:13,34233,34308,76,10,16,Auto,2,Sun Jul 22 17:43:28 2018,
THE_FLORIDA_PROJECT.mov,Y:\Films_converted,00:00:03:13,24.000,48000,2,1920 x 1080,Cineform HD,00:23:49:13,00:23:53:02,34309,34393,85,10,16,Auto,2,Sun Jul 22 17:43:28 2018,
THE_FLORIDA_PROJECT.mov,Y:\Films_converted,00:00:02:12,24.000,48000,2,1920 x 1080,Cineform HD,00:23:53:02,00:23:55:14,34394,34453,60,10,16,Auto,2,Sun Jul 22 17:43:28 2018,
THE_FLORIDA_PROJECT.mov,Y:\Films_converted,00:00:14:02,24.000,48000,2,1920 x 1080,Cineform HD,00:23:55:14,00:24:09:16,34454,34791,338,10,16,Auto,2,Sun Jul 22 17:43:28 2018,
THE_FLORIDA_PROJECT.mov,Y:\Films_converted,00:00:19:18,24.000,48000,2,1920 x 1080,Cineform HD,00:24:09:16,00:24:29:10,34792,35265,474,10,16,Auto,2,Sun Jul 22 17:43:28 2018,
THE_FLORIDA_PROJECT.mov,Y:\Films_converted,00:00:06:19,24.000,48000,2,1920 x 1080,Cineform HD,00:24:29:10,00:24:36:05,35266,35428,163,10,16,Auto,2,Sun Jul 22 17:43:28 2018,
THE_FLORIDA_PROJECT.mov,Y:\Films_converted,00:00:19:23,24.000,48000,2,1920 x 1080,Cineform HD,00:24:36:05,00:24:56:04,35429,35907,479,10,16,Auto,2,Sun Jul 22 17:43:28 2018,
THE_FLORIDA_PROJECT.mov,Y:\Films_converted,00:00:06:04,24.000,48000,2,1920 x 1080,Cineform HD,00:24:56:04,00:25:02:08,35908,36055,148,10,16,Auto,2,Sun Jul 22 17:43:28 2018,
THE_FLORIDA_PROJECT.mov,Y:\Films_converted,00:00:18:01,24.000,48000,2,1920 x 1080,Cineform HD,00:25:02:08,00:25:20:09,36056,36488,433,10,16,Auto,2,Sun Jul 22 17:43:28 2018,
THE_FLORIDA_PROJECT.mov,Y:\Films_converted,00:00:11:08,24.000,48000,2,1920 x 1080,Cineform HD,00:25:20:09,00:25:31:17,36489,36760,272,10,16,Auto,2,Sun Jul 22 17:43:28 2018,
THE_FLORIDA_PROJECT.mov,Y:\Films_converted,00:00:28:05,24.000,48000,2,1920 x 1080,Cineform HD,00:25:31:17,00:25:59:22,36761,37437,677,10,16,Auto,2,Sun Jul 22 17:43:28 2018,
THE_FLORIDA_PROJECT.mov,Y:\Films_converted,00:00:20:12,24.000,48000,2,1920 x 1080,Cineform HD,00:25:59:22,00:26:20:10,37438,37929,492,10,16,Auto,2,Sun Jul 22 17:43:28 2018,
THE_FLORIDA_PROJECT.mov,Y:\Films_converted,00:00:22:07,24.000,48000,2,1920 x 1080,Cineform HD,00:26:20:10,00:26:42:17,37930,38464,535,10,16,Auto,2,Sun Jul 22 17:43:28 2018,
THE_FLORIDA_PROJECT.mov,Y:\Films_converted,00:00:24:12,24.000,48000,2,1920 x 1080,Cineform HD,00:26:42:17,00:27:07:05,38465,39052,588,10,16,Auto,2,Sun Jul 22 17:43:28 2018,
THE_FLORIDA_PROJECT.mov,Y:\Films_converted,00:00:19:08,24.000,48000,2,1920 x 1080,Cineform HD,00:27:07:05,00:27:26:13,39053,39516,464,10,16,Auto,2,Sun Jul 22 17:43:28 2018,
THE_FLORIDA_PROJECT.mov,Y:\Films_converted,00:00:16:00,24.000,48000,2,1920 x 1080,Cineform HD,00:27:26:13,00:27:42:13,39517,39900,384,10,16,Auto,2,Sun Jul 22 17:43:28 2018,
THE_FLORIDA_PROJECT.mov,Y:\Films_converted,00:00:07:08,24.000,48000,2,1920 x 1080,Cineform HD,00:27:42:13,00:27:49:21,39901,40076,176,10,16,Auto,2,Sun Jul 22 17:43:28 2018,
THE_FLORIDA_PROJECT.mov,Y:\Films_converted,00:00:05:23,24.000,48000,2,1920 x 1080,Cineform HD,00:27:49:21,00:27:55:20,40077,40219,143,10,16,Auto,2,Sun Jul 22 17:43:28 2018,
THE_FLORIDA_PROJECT.mov,Y:\Films_converted,00:00:05:21,24.000,48000,2,1920 x 1080,Cineform HD,00:27:55:20,00:28:01:17,40220,40360,141,10,16,Auto,2,Sun Jul 22 17:43:28 2018,
THE_FLORIDA_PROJECT.mov,Y:\Films_converted,00:00:07:13,24.000,48000,2,1920 x 1080,Cineform HD,00:28:01:17,00:28:09:06,40361,40541,181,10,16,Auto,2,Sun Jul 22 17:43:28 2018,
THE_FLORIDA_PROJECT.mov,Y:\Films_converted,00:00:00:22,24.000,48000,2,1920 x 1080,Cineform HD,00:28:09:06,00:28:10:04,40542,40563,22,10,16,Auto,2,Sun Jul 22 17:43:28 2018,
THE_FLORIDA_PROJECT.mov,Y:\Films_converted,00:00:03:04,24.000,48000,2,1920 x 1080,Cineform HD,00:28:10:04,00:28:13:08,40564,40639,76,10,16,Auto,2,Sun Jul 22 17:43:28 2018,
THE_FLORIDA_PROJECT.mov,Y:\Films_converted,00:00:04:06,24.000,48000,2,1920 x 1080,Cineform HD,00:28:13:08,00:28:17:14,40640,40741,102,10,16,Auto,2,Sun Jul 22 17:43:28 2018,
THE_FLORIDA_PROJECT.mov,Y:\Films_converted,00:00:03:21,24.000,48000,2,1920 x 1080,Cineform HD,00:28:17:14,00:28:21:11,40742,40834,93,10,16,Auto,2,Sun Jul 22 17:43:28 2018,
THE_FLORIDA_PROJECT.mov,Y:\Films_converted,00:00:05:05,24.000,48000,2,1920 x 1080,Cineform HD,00:28:21:11,00:28:26:16,40835,40959,125,10,16,Auto,2,Sun Jul 22 17:43:28 2018,
THE_FLORIDA_PROJECT.mov,Y:\Films_converted,00:00:17:11,24.000,48000,2,1920 x 1080,Cineform HD,00:28:26:16,00:28:44:03,40960,41378,419,10,16,Auto,2,Sun Jul 22 17:43:28 2018,
THE_FLORIDA_PROJECT.mov,Y:\Films_converted,00:00:05:06,24.000,48000,2,1920 x 1080,Cineform HD,00:28:44:03,00:28:49:09,41379,41504,126,10,16,Auto,2,Sun Jul 22 17:43:28 2018,
THE_FLORIDA_PROJECT.mov,Y:\Films_converted,00:00:05:21,24.000,48000,2,1920 x 1080,Cineform HD,00:28:49:09,00:28:55:06,41505,41645,141,10,16,Auto,2,Sun Jul 22 17:43:28 2018,
THE_FLORIDA_PROJECT.mov,Y:\Films_converted,00:01:16:22,24.000,48000,2,1920 x 1080,Cineform HD,00:28:55:06,00:30:12:04,41646,43491,1846,10,16,Auto,2,Sun Jul 22 17:43:28 2018,
THE_FLORIDA_PROJECT.mov,Y:\Films_converted,00:00:05:21,24.000,48000,2,1920 x 1080,Cineform HD,00:30:12:04,00:30:18:01,43492,43632,141,10,16,Auto,2,Sun Jul 22 17:43:28 2018,
THE_FLORIDA_PROJECT.mov,Y:\Films_converted,00:00:06:12,24.000,48000,2,1920 x 1080,Cineform HD,00:30:18:01,00:30:24:13,43633,43788,156,10,16,Auto,2,Sun Jul 22 17:43:28 2018,
THE_FLORIDA_PROJECT.mov,Y:\Films_converted,00:00:15:03,24.000,48000,2,1920 x 1080,Cineform HD,00:30:24:13,00:30:39:16,43789,44151,363,10,16,Auto,2,Sun Jul 22 17:43:28 2018,
THE_FLORIDA_PROJECT.mov,Y:\Films_converted,00:00:07:01,24.000,48000,2,1920 x 1080,Cineform HD,00:30:39:16,00:30:46:17,44152,44320,169,10,16,Auto,2,Sun Jul 22 17:43:28 2018,
THE_FLORIDA_PROJECT.mov,Y:\Films_converted,00:00:02:21,24.000,48000,2,1920 x 1080,Cineform HD,00:30:46:17,00:30:49:14,44321,44389,69,10,16,Auto,2,Sun Jul 22 17:43:28 2018,
THE_FLORIDA_PROJECT.mov,Y:\Films_converted,00:00:03:12,24.000,48000,2,1920 x 1080,Cineform HD,00:30:49:14,00:30:53:02,44390,44473,84,10,16,Auto,2,Sun Jul 22 17:43:28 2018,
THE_FLORIDA_PROJECT.mov,Y:\Films_converted,00:00:01:23,24.000,48000,2,1920 x 1080,Cineform HD,00:30:53:02,00:30:55:01,44474,44520,47,10,16,Auto,2,Sun Jul 22 17:43:28 2018,
THE_FLORIDA_PROJECT.mov,Y:\Films_converted,00:00:04:16,24.000,48000,2,1920 x 1080,Cineform HD,00:30:55:01,00:30:59:17,44521,44632,112,10,16,Auto,2,Sun Jul 22 17:43:28 2018,
THE_FLORIDA_PROJECT.mov,Y:\Films_converted,00:00:04:21,24.000,48000,2,1920 x 1080,Cineform HD,00:30:59:17,00:31:04:14,44633,44749,117,10,16,Auto,2,Sun Jul 22 17:43:28 2018,
THE_FLORIDA_PROJECT.mov,Y:\Films_converted,00:00:12:11,24.000,48000,2,1920 x 1080,Cineform HD,00:31:04:14,00:31:17:01,44750,45048,299,10,16,Auto,2,Sun Jul 22 17:43:28 2018,
THE_FLORIDA_PROJECT.mov,Y:\Films_converted,00:00:10:23,24.000,48000,2,1920 x 1080,Cineform HD,00:31:17:01,00:31:28:00,45049,45311,263,10,16,Auto,2,Sun Jul 22 17:43:28 2018,
THE_FLORIDA_PROJECT.mov,Y:\Films_converted,00:00:04:08,24.000,48000,2,1920 x 1080,Cineform HD,00:31:28:00,00:31:32:08,45312,45415,104,10,16,Auto,2,Sun Jul 22 17:43:28 2018,
THE_FLORIDA_PROJECT.mov,Y:\Films_converted,00:00:04:17,24.000,48000,2,1920 x 1080,Cineform HD,00:31:32:08,00:31:37:01,45416,45528,113,10,16,Auto,2,Sun Jul 22 17:43:28 2018,
THE_FLORIDA_PROJECT.mov,Y:\Films_converted,00:00:04:16,24.000,48000,2,1920 x 1080,Cineform HD,00:31:37:01,00:31:41:17,45529,45640,112,10,16,Auto,2,Sun Jul 22 17:43:28 2018,
THE_FLORIDA_PROJECT.mov,Y:\Films_converted,00:00:07:10,24.000,48000,2,1920 x 1080,Cineform HD,00:31:41:17,00:31:49:03,45641,45818,178,10,16,Auto,2,Sun Jul 22 17:43:28 2018,
THE_FLORIDA_PROJECT.mov,Y:\Films_converted,00:00:06:03,24.000,48000,2,1920 x 1080,Cineform HD,00:31:49:03,00:31:55:06,45819,45965,147,10,16,Auto,2,Sun Jul 22 17:43:28 2018,
THE_FLORIDA_PROJECT.mov,Y:\Films_converted,00:00:04:15,24.000,48000,2,1920 x 1080,Cineform HD,00:31:55:06,00:31:59:21,45966,46076,111,10,16,Auto,2,Sun Jul 22 17:43:28 2018,
THE_FLORIDA_PROJECT.mov,Y:\Films_converted,00:00:07:17,24.000,48000,2,1920 x 1080,Cineform HD,00:31:59:21,00:32:07:14,46077,46261,185,10,16,Auto,2,Sun Jul 22 17:43:28 2018,
THE_FLORIDA_PROJECT.mov,Y:\Films_converted,00:00:24:14,24.000,48000,2,1920 x 1080,Cineform HD,00:32:07:14,00:32:32:04,46262,46851,590,10,16,Auto,2,Sun Jul 22 17:43:28 2018,
THE_FLORIDA_PROJECT.mov,Y:\Films_converted,00:00:04:18,24.000,48000,2,1920 x 1080,Cineform HD,00:32:32:04,00:32:36:22,46852,46965,114,10,16,Auto,2,Sun Jul 22 17:43:28 2018,
THE_FLORIDA_PROJECT.mov,Y:\Films_converted,00:00:07:13,24.000,48000,2,1920 x 1080,Cineform HD,00:32:36:22,00:32:44:11,46966,47146,181,10,16,Auto,2,Sun Jul 22 17:43:28 2018,
THE_FLORIDA_PROJECT.mov,Y:\Films_converted,00:00:09:16,24.000,48000,2,1920 x 1080,Cineform HD,00:32:44:11,00:32:54:03,47147,47378,232,10,16,Auto,2,Sun Jul 22 17:43:28 2018,
THE_FLORIDA_PROJECT.mov,Y:\Films_converted,00:00:02:12,24.000,48000,2,1920 x 1080,Cineform HD,00:32:54:03,00:32:56:15,47379,47438,60,10,16,Auto,2,Sun Jul 22 17:43:28 2018,
THE_FLORIDA_PROJECT.mov,Y:\Films_converted,00:00:13:09,24.000,48000,2,1920 x 1080,Cineform HD,00:32:56:15,00:33:10:00,47439,47759,321,10,16,Auto,2,Sun Jul 22 17:43:28 2018,
THE_FLORIDA_PROJECT.mov,Y:\Films_converted,00:00:04:03,24.000,48000,2,1920 x 1080,Cineform HD,00:33:10:00,00:33:14:03,47760,47858,99,10,16,Auto,2,Sun Jul 22 17:43:28 2018,
THE_FLORIDA_PROJECT.mov,Y:\Films_converted,00:00:39:02,24.000,48000,2,1920 x 1080,Cineform HD,00:33:14:03,00:33:53:05,47859,48796,938,10,16,Auto,2,Sun Jul 22 17:43:28 2018,
THE_FLORIDA_PROJECT.mov,Y:\Films_converted,00:00:02:16,24.000,48000,2,1920 x 1080,Cineform HD,00:33:53:05,00:33:55:21,48797,48860,64,10,16,Auto,2,Sun Jul 22 17:43:28 2018,
THE_FLORIDA_PROJECT.mov,Y:\Films_converted,00:00:07:20,24.000,48000,2,1920 x 1080,Cineform HD,00:33:55:21,00:34:03:17,48861,49048,188,10,16,Auto,2,Sun Jul 22 17:43:28 2018,
THE_FLORIDA_PROJECT.mov,Y:\Films_converted,00:00:07:22,24.000,48000,2,1920 x 1080,Cineform HD,00:34:03:17,00:34:11:15,49049,49238,190,10,16,Auto,2,Sun Jul 22 17:43:28 2018,
THE_FLORIDA_PROJECT.mov,Y:\Films_converted,00:01:29:07,24.000,48000,2,1920 x 1080,Cineform HD,00:34:11:15,00:35:40:22,49239,51381,2143,10,16,Auto,2,Sun Jul 22 17:43:28 2018,
THE_FLORIDA_PROJECT.mov,Y:\Films_converted,00:00:24:19,24.000,48000,2,1920 x 1080,Cineform HD,00:35:40:22,00:36:05:17,51382,51976,595,10,16,Auto,2,Sun Jul 22 17:43:28 2018,
THE_FLORIDA_PROJECT.mov,Y:\Films_converted,00:00:14:15,24.000,48000,2,1920 x 1080,Cineform HD,00:36:05:17,00:36:20:08,51977,52327,351,10,16,Auto,2,Sun Jul 22 17:43:28 2018,
THE_FLORIDA_PROJECT.mov,Y:\Films_converted,00:00:04:03,24.000,48000,2,1920 x 1080,Cineform HD,00:36:20:08,00:36:24:11,52328,52426,99,10,16,Auto,2,Sun Jul 22 17:43:28 2018,
THE_FLORIDA_PROJECT.mov,Y:\Films_converted,00:00:02:17,24.000,48000,2,1920 x 1080,Cineform HD,00:36:24:11,00:36:27:04,52427,52491,65,10,16,Auto,2,Sun Jul 22 17:43:28 2018,
THE_FLORIDA_PROJECT.mov,Y:\Films_converted,00:00:02:08,24.000,48000,2,1920 x 1080,Cineform HD,00:36:27:04,00:36:29:12,52492,52547,56,10,16,Auto,2,Sun Jul 22 17:43:28 2018,
THE_FLORIDA_PROJECT.mov,Y:\Films_converted,00:00:05:06,24.000,48000,2,1920 x 1080,Cineform HD,00:36:29:12,00:36:34:18,52548,52673,126,10,16,Auto,2,Sun Jul 22 17:43:28 2018,
THE_FLORIDA_PROJECT.mov,Y:\Films_converted,00:00:03:10,24.000,48000,2,1920 x 1080,Cineform HD,00:36:34:18,00:36:38:04,52674,52755,82,10,16,Auto,2,Sun Jul 22 17:43:28 2018,
THE_FLORIDA_PROJECT.mov,Y:\Films_converted,00:00:10:15,24.000,48000,2,1920 x 1080,Cineform HD,00:36:38:04,00:36:48:19,52756,53010,255,10,16,Auto,2,Sun Jul 22 17:43:28 2018,
THE_FLORIDA_PROJECT.mov,Y:\Films_converted,00:00:15:00,24.000,48000,2,1920 x 1080,Cineform HD,00:36:48:19,00:37:03:19,53011,53370,360,10,16,Auto,2,Sun Jul 22 17:43:28 2018,
THE_FLORIDA_PROJECT.mov,Y:\Films_converted,00:00:07:18,24.000,48000,2,1920 x 1080,Cineform HD,00:37:03:19,00:37:11:13,53371,53556,186,10,16,Auto,2,Sun Jul 22 17:43:28 2018,
THE_FLORIDA_PROJECT.mov,Y:\Films_converted,00:00:02:23,24.000,48000,2,1920 x 1080,Cineform HD,00:37:11:13,00:37:14:12,53557,53627,71,10,16,Auto,2,Sun Jul 22 17:43:28 2018,
THE_FLORIDA_PROJECT.mov,Y:\Films_converted,00:00:10:10,24.000,48000,2,1920 x 1080,Cineform HD,00:37:14:12,00:37:24:22,53628,53877,250,10,16,Auto,2,Sun Jul 22 17:43:28 2018,
THE_FLORIDA_PROJECT.mov,Y:\Films_converted,00:00:21:00,24.000,48000,2,1920 x 1080,Cineform HD,00:37:24:22,00:37:45:22,53878,54381,504,10,16,Auto,2,Sun Jul 22 17:43:28 2018,
THE_FLORIDA_PROJECT.mov,Y:\Films_converted,00:00:10:17,24.000,48000,2,1920 x 1080,Cineform HD,00:37:45:22,00:37:56:15,54382,54638,257,10,16,Auto,2,Sun Jul 22 17:43:28 2018,
THE_FLORIDA_PROJECT.mov,Y:\Films_converted,00:00:55:10,24.000,48000,2,1920 x 1080,Cineform HD,00:37:56:15,00:38:52:01,54639,55968,1330,10,16,Auto,2,Sun Jul 22 17:43:28 2018,
THE_FLORIDA_PROJECT.mov,Y:\Films_converted,00:00:15:11,24.000,48000,2,1920 x 1080,Cineform HD,00:38:52:01,00:39:07:12,55969,56339,371,10,16,Auto,2,Sun Jul 22 17:43:28 2018,
THE_FLORIDA_PROJECT.mov,Y:\Films_converted,00:00:08:04,24.000,48000,2,1920 x 1080,Cineform HD,00:39:07:12,00:39:15:16,56340,56535,196,10,16,Auto,2,Sun Jul 22 17:43:28 2018,
THE_FLORIDA_PROJECT.mov,Y:\Films_converted,00:00:07:00,24.000,48000,2,1920 x 1080,Cineform HD,00:39:15:16,00:39:22:16,56536,56703,168,10,16,Auto,2,Sun Jul 22 17:43:28 2018,
THE_FLORIDA_PROJECT.mov,Y:\Films_converted,00:00:21:08,24.000,48000,2,1920 x 1080,Cineform HD,00:39:22:16,00:39:44:00,56704,57215,512,10,16,Auto,2,Sun Jul 22 17:43:28 2018,
THE_FLORIDA_PROJECT.mov,Y:\Films_converted,00:00:03:15,24.000,48000,2,1920 x 1080,Cineform HD,00:39:44:00,00:39:47:15,57216,57302,87,10,16,Auto,2,Sun Jul 22 17:43:28 2018,
THE_FLORIDA_PROJECT.mov,Y:\Films_converted,00:00:03:17,24.000,48000,2,1920 x 1080,Cineform HD,00:39:47:15,00:39:51:08,57303,57391,89,10,16,Auto,2,Sun Jul 22 17:43:28 2018,
THE_FLORIDA_PROJECT.mov,Y:\Films_converted,00:00:27:06,24.000,48000,2,1920 x 1080,Cineform HD,00:39:51:08,00:40:18:14,57392,58045,654,10,16,Auto,2,Sun Jul 22 17:43:28 2018,
THE_FLORIDA_PROJECT.mov,Y:\Films_converted,00:00:07:23,24.000,48000,2,1920 x 1080,Cineform HD,00:40:18:14,00:40:26:13,58046,58236,191,10,16,Auto,2,Sun Jul 22 17:43:28 2018,
THE_FLORIDA_PROJECT.mov,Y:\Films_converted,00:00:01:20,24.000,48000,2,1920 x 1080,Cineform HD,00:40:26:13,00:40:28:09,58237,58280,44,10,16,Auto,2,Sun Jul 22 17:43:28 2018,
THE_FLORIDA_PROJECT.mov,Y:\Films_converted,00:00:01:13,24.000,48000,2,1920 x 1080,Cineform HD,00:40:28:09,00:40:29:22,58281,58317,37,10,16,Auto,2,Sun Jul 22 17:43:28 2018,
THE_FLORIDA_PROJECT.mov,Y:\Films_converted,00:00:25:01,24.000,48000,2,1920 x 1080,Cineform HD,00:40:29:22,00:40:54:23,58318,58918,601,10,16,Auto,2,Sun Jul 22 17:43:28 2018,
THE_FLORIDA_PROJECT.mov,Y:\Films_converted,00:00:06:11,24.000,48000,2,1920 x 1080,Cineform HD,00:40:54:23,00:41:01:10,58919,59073,155,10,16,Auto,2,Sun Jul 22 17:43:28 2018,
THE_FLORIDA_PROJECT.mov,Y:\Films_converted,00:00:08:03,24.000,48000,2,1920 x 1080,Cineform HD,00:41:01:10,00:41:09:13,59074,59268,195,10,16,Auto,2,Sun Jul 22 17:43:28 2018,
THE_FLORIDA_PROJECT.mov,Y:\Films_converted,00:00:03:00,24.000,48000,2,1920 x 1080,Cineform HD,00:41:09:13,00:41:12:13,59269,59340,72,10,16,Auto,2,Sun Jul 22 17:43:28 2018,
THE_FLORIDA_PROJECT.mov,Y:\Films_converted,00:00:10:11,24.000,48000,2,1920 x 1080,Cineform HD,00:41:12:13,00:41:23:00,59341,59591,251,10,16,Auto,2,Sun Jul 22 17:43:28 2018,
THE_FLORIDA_PROJECT.mov,Y:\Films_converted,00:00:12:21,24.000,48000,2,1920 x 1080,Cineform HD,00:41:23:00,00:41:35:21,59592,59900,309,10,16,Auto,2,Sun Jul 22 17:43:28 2018,
THE_FLORIDA_PROJECT.mov,Y:\Films_converted,00:01:20:02,24.000,48000,2,1920 x 1080,Cineform HD,00:41:35:21,00:42:55:23,59901,61822,1922,10,16,Auto,2,Sun Jul 22 17:43:28 2018,
THE_FLORIDA_PROJECT.mov,Y:\Films_converted,00:00:42:06,24.000,48000,2,1920 x 1080,Cineform HD,00:42:55:23,00:43:38:05,61823,62836,1014,10,16,Auto,2,Sun Jul 22 17:43:28 2018,
THE_FLORIDA_PROJECT.mov,Y:\Films_converted,00:00:46:06,24.000,48000,2,1920 x 1080,Cineform HD,00:43:38:05,00:44:24:11,62837,63946,1110,10,16,Auto,2,Sun Jul 22 17:43:28 2018,
THE_FLORIDA_PROJECT.mov,Y:\Films_converted,00:00:06:14,24.000,48000,2,1920 x 1080,Cineform HD,00:44:24:11,00:44:31:01,63947,64104,158,10,16,Auto,2,Sun Jul 22 17:43:28 2018,
THE_FLORIDA_PROJECT.mov,Y:\Films_converted,00:00:38:18,24.000,48000,2,1920 x 1080,Cineform HD,00:44:31:01,00:45:09:19,64105,65034,930,10,16,Auto,2,Sun Jul 22 17:43:28 2018,
THE_FLORIDA_PROJECT.mov,Y:\Films_converted,00:00:15:00,24.000,48000,2,1920 x 1080,Cineform HD,00:45:09:19,00:45:24:19,65035,65394,360,10,16,Auto,2,Sun Jul 22 17:43:28 2018,
THE_FLORIDA_PROJECT.mov,Y:\Films_converted,00:00:38:23,24.000,48000,2,1920 x 1080,Cineform HD,00:45:24:19,00:46:03:18,65395,66329,935,10,16,Auto,2,Sun Jul 22 17:43:28 2018,
THE_FLORIDA_PROJECT.mov,Y:\Films_converted,00:00:10:06,24.000,48000,2,1920 x 1080,Cineform HD,00:46:03:18,00:46:14:00,66330,66575,246,10,16,Auto,2,Sun Jul 22 17:43:28 2018,
THE_FLORIDA_PROJECT.mov,Y:\Films_converted,00:00:08:08,24.000,48000,2,1920 x 1080,Cineform HD,00:46:14:00,00:46:22:08,66576,66775,200,10,16,Auto,2,Sun Jul 22 17:43:28 2018,
THE_FLORIDA_PROJECT.mov,Y:\Films_converted,00:00:16:10,24.000,48000,2,1920 x 1080,Cineform HD,00:46:22:08,00:46:38:18,66776,67169,394,10,16,Auto,2,Sun Jul 22 17:43:28 2018,
THE_FLORIDA_PROJECT.mov,Y:\Films_converted,00:00:21:20,24.000,48000,2,1920 x 1080,Cineform HD,00:46:38:18,00:47:00:14,67170,67693,524,10,16,Auto,2,Sun Jul 22 17:43:28 2018,
THE_FLORIDA_PROJECT.mov,Y:\Films_converted,00:00:15:14,24.000,48000,2,1920 x 1080,Cineform HD,00:47:00:14,00:47:16:04,67694,68067,374,10,16,Auto,2,Sun Jul 22 17:43:28 2018,
THE_FLORIDA_PROJECT.mov,Y:\Films_converted,00:00:07:11,24.000,48000,2,1920 x 1080,Cineform HD,00:47:16:04,00:47:23:15,68068,68246,179,10,16,Auto,2,Sun Jul 22 17:43:28 2018,
THE_FLORIDA_PROJECT.mov,Y:\Films_converted,00:00:03:03,24.000,48000,2,1920 x 1080,Cineform HD,00:47:23:15,00:47:26:18,68247,68321,75,10,16,Auto,2,Sun Jul 22 17:43:28 2018,
THE_FLORIDA_PROJECT.mov,Y:\Films_converted,00:00:05:07,24.000,48000,2,1920 x 1080,Cineform HD,00:47:26:18,00:47:32:01,68322,68448,127,10,16,Auto,2,Sun Jul 22 17:43:28 2018,
THE_FLORIDA_PROJECT.mov,Y:\Films_converted,00:00:02:03,24.000,48000,2,1920 x 1080,Cineform HD,00:47:32:01,00:47:34:04,68449,68499,51,10,16,Auto,2,Sun Jul 22 17:43:28 2018,
THE_FLORIDA_PROJECT.mov,Y:\Films_converted,00:00:12:17,24.000,48000,2,1920 x 1080,Cineform HD,00:47:34:04,00:47:46:21,68500,68804,305,10,16,Auto,2,Sun Jul 22 17:43:28 2018,
THE_FLORIDA_PROJECT.mov,Y:\Films_converted,00:00:09:02,24.000,48000,2,1920 x 1080,Cineform HD,00:47:46:21,00:47:55:23,68805,69022,218,10,16,Auto,2,Sun Jul 22 17:43:28 2018,
THE_FLORIDA_PROJECT.mov,Y:\Films_converted,00:00:06:05,24.000,48000,2,1920 x 1080,Cineform HD,00:47:55:23,00:48:02:04,69023,69171,149,10,16,Auto,2,Sun Jul 22 17:43:28 2018,
THE_FLORIDA_PROJECT.mov,Y:\Films_converted,00:00:02:00,24.000,48000,2,1920 x 1080,Cineform HD,00:48:02:04,00:48:04:04,69172,69219,48,10,16,Auto,2,Sun Jul 22 17:43:28 2018,
THE_FLORIDA_PROJECT.mov,Y:\Films_converted,00:00:02:12,24.000,48000,2,1920 x 1080,Cineform HD,00:48:04:04,00:48:06:16,69220,69279,60,10,16,Auto,2,Sun Jul 22 17:43:28 2018,
THE_FLORIDA_PROJECT.mov,Y:\Films_converted,00:00:03:05,24.000,48000,2,1920 x 1080,Cineform HD,00:48:06:16,00:48:09:21,69280,69356,77,10,16,Auto,2,Sun Jul 22 17:43:28 2018,
THE_FLORIDA_PROJECT.mov,Y:\Films_converted,00:00:11:05,24.000,48000,2,1920 x 1080,Cineform HD,00:48:09:21,00:48:21:02,69357,69625,269,10,16,Auto,2,Sun Jul 22 17:43:28 2018,
THE_FLORIDA_PROJECT.mov,Y:\Films_converted,00:00:03:04,24.000,48000,2,1920 x 1080,Cineform HD,00:48:21:02,00:48:24:06,69626,69701,76,10,16,Auto,2,Sun Jul 22 17:43:28 2018,
THE_FLORIDA_PROJECT.mov,Y:\Films_converted,00:00:03:07,24.000,48000,2,1920 x 1080,Cineform HD,00:48:24:06,00:48:27:13,69702,69780,79,10,16,Auto,2,Sun Jul 22 17:43:28 2018,
THE_FLORIDA_PROJECT.mov,Y:\Films_converted,00:00:06:13,24.000,48000,2,1920 x 1080,Cineform HD,00:48:27:13,00:48:34:02,69781,69937,157,10,16,Auto,2,Sun Jul 22 17:43:28 2018,
THE_FLORIDA_PROJECT.mov,Y:\Films_converted,00:00:13:15,24.000,48000,2,1920 x 1080,Cineform HD,00:48:34:02,00:48:47:17,69938,70264,327,10,16,Auto,2,Sun Jul 22 17:43:28 2018,
THE_FLORIDA_PROJECT.mov,Y:\Films_converted,00:00:02:16,24.000,48000,2,1920 x 1080,Cineform HD,00:48:47:17,00:48:50:09,70265,70328,64,10,16,Auto,2,Sun Jul 22 17:43:28 2018,
THE_FLORIDA_PROJECT.mov,Y:\Films_converted,00:00:02:16,24.000,48000,2,1920 x 1080,Cineform HD,00:48:50:09,00:48:53:01,70329,70392,64,10,16,Auto,2,Sun Jul 22 17:43:28 2018,
THE_FLORIDA_PROJECT.mov,Y:\Films_converted,00:00:05:09,24.000,48000,2,1920 x 1080,Cineform HD,00:48:53:01,00:48:58:10,70393,70521,129,10,16,Auto,2,Sun Jul 22 17:43:28 2018,
THE_FLORIDA_PROJECT.mov,Y:\Films_converted,00:00:04:14,24.000,48000,2,1920 x 1080,Cineform HD,00:48:58:10,00:49:03:00,70522,70631,110,10,16,Auto,2,Sun Jul 22 17:43:28 2018,
THE_FLORIDA_PROJECT.mov,Y:\Films_converted,00:00:05:22,24.000,48000,2,1920 x 1080,Cineform HD,00:49:03:00,00:49:08:22,70632,70773,142,10,16,Auto,2,Sun Jul 22 17:43:28 2018,
THE_FLORIDA_PROJECT.mov,Y:\Films_converted,00:00:11:10,24.000,48000,2,1920 x 1080,Cineform HD,00:49:08:22,00:49:20:08,70774,71047,274,10,16,Auto,2,Sun Jul 22 17:43:28 2018,
THE_FLORIDA_PROJECT.mov,Y:\Films_converted,00:00:09:14,24.000,48000,2,1920 x 1080,Cineform HD,00:49:20:08,00:49:29:22,71048,71277,230,10,16,Auto,2,Sun Jul 22 17:43:28 2018,
THE_FLORIDA_PROJECT.mov,Y:\Films_converted,00:00:06:22,24.000,48000,2,1920 x 1080,Cineform HD,00:49:29:22,00:49:36:20,71278,71443,166,10,16,Auto,2,Sun Jul 22 17:43:28 2018,
THE_FLORIDA_PROJECT.mov,Y:\Films_converted,00:00:35:09,24.000,48000,2,1920 x 1080,Cineform HD,00:49:36:20,00:50:12:05,71444,72292,849,10,16,Auto,2,Sun Jul 22 17:43:28 2018,
THE_FLORIDA_PROJECT.mov,Y:\Films_converted,00:00:07:23,24.000,48000,2,1920 x 1080,Cineform HD,00:50:12:05,00:50:20:04,72293,72483,191,10,16,Auto,2,Sun Jul 22 17:43:28 2018,
THE_FLORIDA_PROJECT.mov,Y:\Films_converted,00:00:03:19,24.000,48000,2,1920 x 1080,Cineform HD,00:50:20:04,00:50:23:23,72484,72574,91,10,16,Auto,2,Sun Jul 22 17:43:28 2018,
THE_FLORIDA_PROJECT.mov,Y:\Films_converted,00:00:19:12,24.000,48000,2,1920 x 1080,Cineform HD,00:50:23:23,00:50:43:11,72575,73042,468,10,16,Auto,2,Sun Jul 22 17:43:28 2018,
THE_FLORIDA_PROJECT.mov,Y:\Films_converted,00:00:06:16,24.000,48000,2,1920 x 1080,Cineform HD,00:50:43:11,00:50:50:03,73043,73202,160,10,16,Auto,2,Sun Jul 22 17:43:28 2018,
THE_FLORIDA_PROJECT.mov,Y:\Films_converted,00:00:30:18,24.000,48000,2,1920 x 1080,Cineform HD,00:50:50:03,00:51:20:21,73203,73940,738,10,16,Auto,2,Sun Jul 22 17:43:28 2018,
THE_FLORIDA_PROJECT.mov,Y:\Films_converted,00:00:09:02,24.000,48000,2,1920 x 1080,Cineform HD,00:51:20:21,00:51:29:23,73941,74158,218,10,16,Auto,2,Sun Jul 22 17:43:28 2018,
THE_FLORIDA_PROJECT.mov,Y:\Films_converted,00:00:05:03,24.000,48000,2,1920 x 1080,Cineform HD,00:51:29:23,00:51:35:02,74159,74281,123,10,16,Auto,2,Sun Jul 22 17:43:28 2018,
THE_FLORIDA_PROJECT.mov,Y:\Films_converted,00:00:08:17,24.000,48000,2,1920 x 1080,Cineform HD,00:51:35:02,00:51:43:19,74282,74490,209,10,16,Auto,2,Sun Jul 22 17:43:28 2018,
THE_FLORIDA_PROJECT.mov,Y:\Films_converted,00:00:11:01,24.000,48000,2,1920 x 1080,Cineform HD,00:51:43:19,00:51:54:20,74491,74755,265,10,16,Auto,2,Sun Jul 22 17:43:28 2018,
THE_FLORIDA_PROJECT.mov,Y:\Films_converted,00:00:06:09,24.000,48000,2,1920 x 1080,Cineform HD,00:51:54:20,00:52:01:05,74756,74908,153,10,16,Auto,2,Sun Jul 22 17:43:28 2018,
THE_FLORIDA_PROJECT.mov,Y:\Films_converted,00:00:03:16,24.000,48000,2,1920 x 1080,Cineform HD,00:52:01:05,00:52:04:21,74909,74996,88,10,16,Auto,2,Sun Jul 22 17:43:28 2018,
THE_FLORIDA_PROJECT.mov,Y:\Films_converted,00:00:04:01,24.000,48000,2,1920 x 1080,Cineform HD,00:52:04:21,00:52:08:22,74997,75093,97,10,16,Auto,2,Sun Jul 22 17:43:28 2018,
THE_FLORIDA_PROJECT.mov,Y:\Films_converted,00:00:05:15,24.000,48000,2,1920 x 1080,Cineform HD,00:52:08:22,00:52:14:13,75094,75228,135,10,16,Auto,2,Sun Jul 22 17:43:28 2018,
THE_FLORIDA_PROJECT.mov,Y:\Films_converted,00:00:03:15,24.000,48000,2,1920 x 1080,Cineform HD,00:52:14:13,00:52:18:04,75229,75315,87,10,16,Auto,2,Sun Jul 22 17:43:28 2018,
THE_FLORIDA_PROJECT.mov,Y:\Films_converted,00:00:04:04,24.000,48000,2,1920 x 1080,Cineform HD,00:52:18:04,00:52:22:08,75316,75415,100,10,16,Auto,2,Sun Jul 22 17:43:28 2018,
THE_FLORIDA_PROJECT.mov,Y:\Films_converted,00:00:01:22,24.000,48000,2,1920 x 1080,Cineform HD,00:52:22:08,00:52:24:06,75416,75461,46,10,16,Auto,2,Sun Jul 22 17:43:28 2018,
THE_FLORIDA_PROJECT.mov,Y:\Films_converted,00:00:02:01,24.000,48000,2,1920 x 1080,Cineform HD,00:52:24:06,00:52:26:07,75462,75510,49,10,16,Auto,2,Sun Jul 22 17:43:28 2018,
THE_FLORIDA_PROJECT.mov,Y:\Films_converted,00:00:03:21,24.000,48000,2,1920 x 1080,Cineform HD,00:52:26:07,00:52:30:04,75511,75603,93,10,16,Auto,2,Sun Jul 22 17:43:28 2018,
THE_FLORIDA_PROJECT.mov,Y:\Films_converted,00:00:02:20,24.000,48000,2,1920 x 1080,Cineform HD,00:52:30:04,00:52:33:00,75604,75671,68,10,16,Auto,2,Sun Jul 22 17:43:28 2018,
THE_FLORIDA_PROJECT.mov,Y:\Films_converted,00:00:09:19,24.000,48000,2,1920 x 1080,Cineform HD,00:52:33:00,00:52:42:19,75672,75906,235,10,16,Auto,2,Sun Jul 22 17:43:28 2018,
THE_FLORIDA_PROJECT.mov,Y:\Films_converted,00:00:04:20,24.000,48000,2,1920 x 1080,Cineform HD,00:52:42:19,00:52:47:15,75907,76022,116,10,16,Auto,2,Sun Jul 22 17:43:28 2018,
THE_FLORIDA_PROJECT.mov,Y:\Films_converted,00:00:04:03,24.000,48000,2,1920 x 1080,Cineform HD,00:52:47:15,00:52:51:18,76023,76121,99,10,16,Auto,2,Sun Jul 22 17:43:28 2018,
THE_FLORIDA_PROJECT.mov,Y:\Films_converted,00:00:04:03,24.000,48000,2,1920 x 1080,Cineform HD,00:52:51:18,00:52:55:21,76122,76220,99,10,16,Auto,2,Sun Jul 22 17:43:28 2018,
THE_FLORIDA_PROJECT.mov,Y:\Films_converted,00:00:02:01,24.000,48000,2,1920 x 1080,Cineform HD,00:52:55:21,00:52:57:22,76221,76269,49,10,16,Auto,2,Sun Jul 22 17:43:28 2018,
THE_FLORIDA_PROJECT.mov,Y:\Films_converted,00:00:12:07,24.000,48000,2,1920 x 1080,Cineform HD,00:52:57:22,00:53:10:05,76270,76564,295,10,16,Auto,2,Sun Jul 22 17:43:28 2018,
THE_FLORIDA_PROJECT.mov,Y:\Films_converted,00:00:12:10,24.000,48000,2,1920 x 1080,Cineform HD,00:53:10:05,00:53:22:15,76565,76862,298,10,16,Auto,2,Sun Jul 22 17:43:28 2018,
THE_FLORIDA_PROJECT.mov,Y:\Films_converted,00:03:10:07,24.000,48000,2,1920 x 1080,Cineform HD,00:53:22:15,00:56:32:22,76863,81429,4567,10,16,Auto,2,Sun Jul 22 17:43:28 2018,
THE_FLORIDA_PROJECT.mov,Y:\Films_converted,00:00:10:20,24.000,48000,2,1920 x 1080,Cineform HD,00:56:32:22,00:56:43:18,81430,81689,260,10,16,Auto,2,Sun Jul 22 17:43:28 2018,
THE_FLORIDA_PROJECT.mov,Y:\Films_converted,00:00:11:07,24.000,48000,2,1920 x 1080,Cineform HD,00:56:43:18,00:56:55:01,81690,81960,271,10,16,Auto,2,Sun Jul 22 17:43:28 2018,
THE_FLORIDA_PROJECT.mov,Y:\Films_converted,00:00:03:23,24.000,48000,2,1920 x 1080,Cineform HD,00:56:55:01,00:56:59:00,81961,82055,95,10,16,Auto,2,Sun Jul 22 17:43:28 2018,
THE_FLORIDA_PROJECT.mov,Y:\Films_converted,00:01:37:13,24.000,48000,2,1920 x 1080,Cineform HD,00:56:59:00,00:58:36:13,82056,84396,2341,10,16,Auto,2,Sun Jul 22 17:43:28 2018,
THE_FLORIDA_PROJECT.mov,Y:\Films_converted,00:00:11:07,24.000,48000,2,1920 x 1080,Cineform HD,00:58:36:13,00:58:47:20,84397,84667,271,10,16,Auto,2,Sun Jul 22 17:43:28 2018,
THE_FLORIDA_PROJECT.mov,Y:\Films_converted,00:00:17:11,24.000,48000,2,1920 x 1080,Cineform HD,00:58:47:20,00:59:05:07,84668,85086,419,10,16,Auto,2,Sun Jul 22 17:43:28 2018,
THE_FLORIDA_PROJECT.mov,Y:\Films_converted,00:00:03:14,24.000,48000,2,1920 x 1080,Cineform HD,00:59:05:07,00:59:08:21,85087,85172,86,10,16,Auto,2,Sun Jul 22 17:43:28 2018,
THE_FLORIDA_PROJECT.mov,Y:\Films_converted,00:00:46:22,24.000,48000,2,1920 x 1080,Cineform HD,00:59:08:21,00:59:55:19,85173,86298,1126,10,16,Auto,2,Sun Jul 22 17:43:28 2018,
THE_FLORIDA_PROJECT.mov,Y:\Films_converted,00:00:11:11,24.000,48000,2,1920 x 1080,Cineform HD,00:59:55:19,01:00:07:06,86299,86573,275,10,16,Auto,2,Sun Jul 22 17:43:28 2018,
THE_FLORIDA_PROJECT.mov,Y:\Films_converted,00:00:26:12,24.000,48000,2,1920 x 1080,Cineform HD,01:00:07:06,01:00:33:18,86574,87209,636,10,16,Auto,2,Sun Jul 22 17:43:28 2018,
THE_FLORIDA_PROJECT.mov,Y:\Films_converted,00:00:11:16,24.000,48000,2,1920 x 1080,Cineform HD,01:00:33:18,01:00:45:10,87210,87489,280,10,16,Auto,2,Sun Jul 22 17:43:28 2018,
THE_FLORIDA_PROJECT.mov,Y:\Films_converted,00:00:08:20,24.000,48000,2,1920 x 1080,Cineform HD,01:00:45:10,01:00:54:06,87490,87701,212,10,16,Auto,2,Sun Jul 22 17:43:28 2018,
THE_FLORIDA_PROJECT.mov,Y:\Films_converted,00:00:39:17,24.000,48000,2,1920 x 1080,Cineform HD,01:00:54:06,01:01:33:23,87702,88654,953,10,16,Auto,2,Sun Jul 22 17:43:28 2018,
THE_FLORIDA_PROJECT.mov,Y:\Films_converted,00:00:05:20,24.000,48000,2,1920 x 1080,Cineform HD,01:01:33:23,01:01:39:19,88655,88794,140,10,16,Auto,2,Sun Jul 22 17:43:28 2018,
THE_FLORIDA_PROJECT.mov,Y:\Films_converted,00:00:12:21,24.000,48000,2,1920 x 1080,Cineform HD,01:01:39:19,01:01:52:16,88795,89103,309,10,16,Auto,2,Sun Jul 22 17:43:28 2018,
THE_FLORIDA_PROJECT.mov,Y:\Films_converted,00:00:56:16,24.000,48000,2,1920 x 1080,Cineform HD,01:01:52:16,01:02:49:08,89104,90463,1360,10,16,Auto,2,Sun Jul 22 17:43:28 2018,
THE_FLORIDA_PROJECT.mov,Y:\Films_converted,00:00:14:03,24.000,48000,2,1920 x 1080,Cineform HD,01:02:49:08,01:03:03:11,90464,90802,339,10,16,Auto,2,Sun Jul 22 17:43:28 2018,
THE_FLORIDA_PROJECT.mov,Y:\Films_converted,00:00:08:04,24.000,48000,2,1920 x 1080,Cineform HD,01:03:03:11,01:03:11:15,90803,90998,196,10,16,Auto,2,Sun Jul 22 17:43:28 2018,
THE_FLORIDA_PROJECT.mov,Y:\Films_converted,00:00:10:09,24.000,48000,2,1920 x 1080,Cineform HD,01:03:11:15,01:03:22:00,90999,91247,249,10,16,Auto,2,Sun Jul 22 17:43:28 2018,
THE_FLORIDA_PROJECT.mov,Y:\Films_converted,00:00:08:12,24.000,48000,2,1920 x 1080,Cineform HD,01:03:22:00,01:03:30:12,91248,91451,204,10,16,Auto,2,Sun Jul 22 17:43:28 2018,
THE_FLORIDA_PROJECT.mov,Y:\Films_converted,00:00:10:14,24.000,48000,2,1920 x 1080,Cineform HD,01:03:30:12,01:03:41:02,91452,91705,254,10,16,Auto,2,Sun Jul 22 17:43:28 2018,
THE_FLORIDA_PROJECT.mov,Y:\Films_converted,00:00:05:22,24.000,48000,2,1920 x 1080,Cineform HD,01:03:41:02,01:03:47:00,91706,91847,142,10,16,Auto,2,Sun Jul 22 17:43:28 2018,
THE_FLORIDA_PROJECT.mov,Y:\Films_converted,00:00:06:00,24.000,48000,2,1920 x 1080,Cineform HD,01:03:47:00,01:03:53:00,91848,91991,144,10,16,Auto,2,Sun Jul 22 17:43:28 2018,
THE_FLORIDA_PROJECT.mov,Y:\Films_converted,00:00:28:14,24.000,48000,2,1920 x 1080,Cineform HD,01:03:53:00,01:04:21:14,91992,92677,686,10,16,Auto,2,Sun Jul 22 17:43:28 2018,
THE_FLORIDA_PROJECT.mov,Y:\Films_converted,00:00:02:03,24.000,48000,2,1920 x 1080,Cineform HD,01:04:21:14,01:04:23:17,92678,92728,51,10,16,Auto,2,Sun Jul 22 17:43:28 2018,
THE_FLORIDA_PROJECT.mov,Y:\Films_converted,00:00:06:15,24.000,48000,2,1920 x 1080,Cineform HD,01:04:23:17,01:04:30:08,92729,92887,159,10,16,Auto,2,Sun Jul 22 17:43:28 2018,
THE_FLORIDA_PROJECT.mov,Y:\Films_converted,00:00:13:13,24.000,48000,2,1920 x 1080,Cineform HD,01:04:30:08,01:04:43:21,92888,93212,325,10,16,Auto,2,Sun Jul 22 17:43:28 2018,
THE_FLORIDA_PROJECT.mov,Y:\Films_converted,00:00:25:18,24.000,48000,2,1920 x 1080,Cineform HD,01:04:43:21,01:05:09:15,93213,93830,618,10,16,Auto,2,Sun Jul 22 17:43:28 2018,
THE_FLORIDA_PROJECT.mov,Y:\Films_converted,00:00:16:11,24.000,48000,2,1920 x 1080,Cineform HD,01:05:09:15,01:05:26:02,93831,94225,395,10,16,Auto,2,Sun Jul 22 17:43:28 2018,
THE_FLORIDA_PROJECT.mov,Y:\Films_converted,00:00:34:22,24.000,48000,2,1920 x 1080,Cineform HD,01:05:26:02,01:06:01:00,94226,95063,838,10,16,Auto,2,Sun Jul 22 17:43:28 2018,
THE_FLORIDA_PROJECT.mov,Y:\Films_converted,00:00:14:16,24.000,48000,2,1920 x 1080,Cineform HD,01:06:01:00,01:06:15:16,95064,95415,352,10,16,Auto,2,Sun Jul 22 17:43:28 2018,
THE_FLORIDA_PROJECT.mov,Y:\Films_converted,00:00:04:19,24.000,48000,2,1920 x 1080,Cineform HD,01:06:15:16,01:06:20:11,95416,95530,115,10,16,Auto,2,Sun Jul 22 17:43:28 2018,
THE_FLORIDA_PROJECT.mov,Y:\Films_converted,00:00:11:12,24.000,48000,2,1920 x 1080,Cineform HD,01:06:20:11,01:06:31:23,95531,95806,276,10,16,Auto,2,Sun Jul 22 17:43:28 2018,
THE_FLORIDA_PROJECT.mov,Y:\Films_converted,00:00:03:22,24.000,48000,2,1920 x 1080,Cineform HD,01:06:31:23,01:06:35:21,95807,95900,94,10,16,Auto,2,Sun Jul 22 17:43:28 2018,
THE_FLORIDA_PROJECT.mov,Y:\Films_converted,00:00:09:22,24.000,48000,2,1920 x 1080,Cineform HD,01:06:35:21,01:06:45:19,95901,96138,238,10,16,Auto,2,Sun Jul 22 17:43:28 2018,
THE_FLORIDA_PROJECT.mov,Y:\Films_converted,00:00:02:06,24.000,48000,2,1920 x 1080,Cineform HD,01:06:45:19,01:06:48:01,96139,96192,54,10,16,Auto,2,Sun Jul 22 17:43:28 2018,
THE_FLORIDA_PROJECT.mov,Y:\Films_converted,00:00:04:20,24.000,48000,2,1920 x 1080,Cineform HD,01:06:48:01,01:06:52:21,96193,96308,116,10,16,Auto,2,Sun Jul 22 17:43:28 2018,
THE_FLORIDA_PROJECT.mov,Y:\Films_converted,00:00:05:23,24.000,48000,2,1920 x 1080,Cineform HD,01:06:52:21,01:06:58:20,96309,96451,143,10,16,Auto,2,Sun Jul 22 17:43:28 2018,
THE_FLORIDA_PROJECT.mov,Y:\Films_converted,00:00:09:12,24.000,48000,2,1920 x 1080,Cineform HD,01:06:58:20,01:07:08:08,96452,96679,228,10,16,Auto,2,Sun Jul 22 17:43:28 2018,
THE_FLORIDA_PROJECT.mov,Y:\Films_converted,00:00:02:18,24.000,48000,2,1920 x 1080,Cineform HD,01:07:08:08,01:07:11:02,96680,96745,66,10,16,Auto,2,Sun Jul 22 17:43:28 2018,
THE_FLORIDA_PROJECT.mov,Y:\Films_converted,00:00:11:06,24.000,48000,2,1920 x 1080,Cineform HD,01:07:11:02,01:07:22:08,96746,97015,270,10,16,Auto,2,Sun Jul 22 17:43:28 2018,
THE_FLORIDA_PROJECT.mov,Y:\Films_converted,00:00:16:04,24.000,48000,2,1920 x 1080,Cineform HD,01:07:22:08,01:07:38:12,97016,97403,388,10,16,Auto,2,Sun Jul 22 17:43:28 2018,
THE_FLORIDA_PROJECT.mov,Y:\Films_converted,00:00:09:03,24.000,48000,2,1920 x 1080,Cineform HD,01:07:38:12,01:07:47:15,97404,97622,219,10,16,Auto,2,Sun Jul 22 17:43:28 2018,
THE_FLORIDA_PROJECT.mov,Y:\Films_converted,00:00:09:19,24.000,48000,2,1920 x 1080,Cineform HD,01:07:47:15,01:07:57:10,97623,97857,235,10,16,Auto,2,Sun Jul 22 17:43:28 2018,
THE_FLORIDA_PROJECT.mov,Y:\Films_converted,00:00:06:07,24.000,48000,2,1920 x 1080,Cineform HD,01:07:57:10,01:08:03:17,97858,98008,151,10,16,Auto,2,Sun Jul 22 17:43:28 2018,
THE_FLORIDA_PROJECT.mov,Y:\Films_converted,00:00:06:15,24.000,48000,2,1920 x 1080,Cineform HD,01:08:03:17,01:08:10:08,98009,98167,159,10,16,Auto,2,Sun Jul 22 17:43:28 2018,
THE_FLORIDA_PROJECT.mov,Y:\Films_converted,00:00:10:17,24.000,48000,2,1920 x 1080,Cineform HD,01:08:10:08,01:08:21:01,98168,98424,257,10,16,Auto,2,Sun Jul 22 17:43:28 2018,
THE_FLORIDA_PROJECT.mov,Y:\Films_converted,00:00:12:02,24.000,48000,2,1920 x 1080,Cineform HD,01:08:21:01,01:08:33:03,98425,98714,290,10,16,Auto,2,Sun Jul 22 17:43:28 2018,
THE_FLORIDA_PROJECT.mov,Y:\Films_converted,00:00:07:10,24.000,48000,2,1920 x 1080,Cineform HD,01:08:33:03,01:08:40:13,98715,98892,178,10,16,Auto,2,Sun Jul 22 17:43:28 2018,
THE_FLORIDA_PROJECT.mov,Y:\Films_converted,00:00:20:18,24.000,48000,2,1920 x 1080,Cineform HD,01:08:40:13,01:09:01:07,98893,99390,498,10,16,Auto,2,Sun Jul 22 17:43:28 2018,
THE_FLORIDA_PROJECT.mov,Y:\Films_converted,00:00:23:23,24.000,48000,2,1920 x 1080,Cineform HD,01:09:01:07,01:09:25:06,99391,99965,575,10,16,Auto,2,Sun Jul 22 17:43:28 2018,
THE_FLORIDA_PROJECT.mov,Y:\Films_converted,00:00:06:15,24.000,48000,2,1920 x 1080,Cineform HD,01:09:25:06,01:09:31:21,99966,100124,159,10,16,Auto,2,Sun Jul 22 17:43:28 2018,
THE_FLORIDA_PROJECT.mov,Y:\Films_converted,00:00:15:07,24.000,48000,2,1920 x 1080,Cineform HD,01:09:31:21,01:09:47:04,100125,100491,367,10,16,Auto,2,Sun Jul 22 17:43:28 2018,
THE_FLORIDA_PROJECT.mov,Y:\Films_converted,00:00:49:03,24.000,48000,2,1920 x 1080,Cineform HD,01:09:47:04,01:10:36:07,100492,101670,1179,10,16,Auto,2,Sun Jul 22 17:43:28 2018,
THE_FLORIDA_PROJECT.mov,Y:\Films_converted,00:00:23:19,24.000,48000,2,1920 x 1080,Cineform HD,01:10:36:07,01:11:00:02,101671,102241,571,10,16,Auto,2,Sun Jul 22 17:43:28 2018,
THE_FLORIDA_PROJECT.mov,Y:\Films_converted,00:00:11:14,24.000,48000,2,1920 x 1080,Cineform HD,01:11:00:02,01:11:11:16,102242,102519,278,10,16,Auto,2,Sun Jul 22 17:43:28 2018,
THE_FLORIDA_PROJECT.mov,Y:\Films_converted,00:00:08:16,24.000,48000,2,1920 x 1080,Cineform HD,01:11:11:16,01:11:20:08,102520,102727,208,10,16,Auto,2,Sun Jul 22 17:43:28 2018,
THE_FLORIDA_PROJECT.mov,Y:\Films_converted,00:00:03:12,24.000,48000,2,1920 x 1080,Cineform HD,01:11:20:08,01:11:23:20,102728,102811,84,10,16,Auto,2,Sun Jul 22 17:43:28 2018,
THE_FLORIDA_PROJECT.mov,Y:\Films_converted,00:00:16:11,24.000,48000,2,1920 x 1080,Cineform HD,01:11:23:20,01:11:40:07,102812,103206,395,10,16,Auto,2,Sun Jul 22 17:43:28 2018,
THE_FLORIDA_PROJECT.mov,Y:\Films_converted,00:00:07:03,24.000,48000,2,1920 x 1080,Cineform HD,01:11:40:07,01:11:47:10,103207,103377,171,10,16,Auto,2,Sun Jul 22 17:43:28 2018,
THE_FLORIDA_PROJECT.mov,Y:\Films_converted,00:00:17:17,24.000,48000,2,1920 x 1080,Cineform HD,01:11:47:10,01:12:05:03,103378,103802,425,10,16,Auto,2,Sun Jul 22 17:43:28 2018,
THE_FLORIDA_PROJECT.mov,Y:\Films_converted,00:00:42:02,24.000,48000,2,1920 x 1080,Cineform HD,01:12:05:03,01:12:47:05,103803,104812,1010,10,16,Auto,2,Sun Jul 22 17:43:28 2018,
THE_FLORIDA_PROJECT.mov,Y:\Films_converted,00:00:00:15,24.000,48000,2,1920 x 1080,Cineform HD,01:12:47:05,01:12:47:20,104813,104827,15,10,16,Auto,2,Sun Jul 22 17:43:28 2018,
THE_FLORIDA_PROJECT.mov,Y:\Films_converted,00:00:10:12,24.000,48000,2,1920 x 1080,Cineform HD,01:12:47:20,01:12:58:08,104828,105079,252,10,16,Auto,2,Sun Jul 22 17:43:28 2018,
THE_FLORIDA_PROJECT.mov,Y:\Films_converted,00:00:19:12,24.000,48000,2,1920 x 1080,Cineform HD,01:12:58:08,01:13:17:20,105080,105547,468,10,16,Auto,2,Sun Jul 22 17:43:28 2018,
THE_FLORIDA_PROJECT.mov,Y:\Films_converted,00:00:25:03,24.000,48000,2,1920 x 1080,Cineform HD,01:13:17:20,01:13:42:23,105548,106150,603,10,16,Auto,2,Sun Jul 22 17:43:28 2018,
THE_FLORIDA_PROJECT.mov,Y:\Films_converted,00:00:11:18,24.000,48000,2,1920 x 1080,Cineform HD,01:13:42:23,01:13:54:17,106151,106432,282,10,16,Auto,2,Sun Jul 22 17:43:28 2018,
THE_FLORIDA_PROJECT.mov,Y:\Films_converted,00:00:22:14,24.000,48000,2,1920 x 1080,Cineform HD,01:13:54:17,01:14:17:07,106433,106974,542,10,16,Auto,2,Sun Jul 22 17:43:28 2018,
THE_FLORIDA_PROJECT.mov,Y:\Films_converted,00:00:38:22,24.000,48000,2,1920 x 1080,Cineform HD,01:14:17:07,01:14:56:05,106975,107908,934,10,16,Auto,2,Sun Jul 22 17:43:28 2018,
THE_FLORIDA_PROJECT.mov,Y:\Films_converted,00:00:27:01,24.000,48000,2,1920 x 1080,Cineform HD,01:14:56:05,01:15:23:06,107909,108557,649,10,16,Auto,2,Sun Jul 22 17:43:28 2018,
THE_FLORIDA_PROJECT.mov,Y:\Films_converted,00:00:21:17,24.000,48000,2,1920 x 1080,Cineform HD,01:15:23:06,01:15:44:23,108558,109078,521,10,16,Auto,2,Sun Jul 22 17:43:28 2018,
THE_FLORIDA_PROJECT.mov,Y:\Films_converted,00:00:23:00,24.000,48000,2,1920 x 1080,Cineform HD,01:15:44:23,01:16:07:23,109079,109630,552,10,16,Auto,2,Sun Jul 22 17:43:28 2018,
THE_FLORIDA_PROJECT.mov,Y:\Films_converted,00:00:33:09,24.000,48000,2,1920 x 1080,Cineform HD,01:16:07:23,01:16:41:08,109631,110431,801,10,16,Auto,2,Sun Jul 22 17:43:28 2018,
THE_FLORIDA_PROJECT.mov,Y:\Films_converted,00:00:07:10,24.000,48000,2,1920 x 1080,Cineform HD,01:16:41:08,01:16:48:18,110432,110609,178,10,16,Auto,2,Sun Jul 22 17:43:28 2018,
THE_FLORIDA_PROJECT.mov,Y:\Films_converted,00:00:19:04,24.000,48000,2,1920 x 1080,Cineform HD,01:16:48:18,01:17:07:22,110610,111069,460,10,16,Auto,2,Sun Jul 22 17:43:28 2018,
THE_FLORIDA_PROJECT.mov,Y:\Films_converted,00:00:25:05,24.000,48000,2,1920 x 1080,Cineform HD,01:17:07:22,01:17:33:03,111070,111674,605,10,16,Auto,2,Sun Jul 22 17:43:28 2018,
THE_FLORIDA_PROJECT.mov,Y:\Films_converted,00:00:07:00,24.000,48000,2,1920 x 1080,Cineform HD,01:17:33:03,01:17:40:03,111675,111842,168,10,16,Auto,2,Sun Jul 22 17:43:28 2018,
THE_FLORIDA_PROJECT.mov,Y:\Films_converted,00:00:05:22,24.000,48000,2,1920 x 1080,Cineform HD,01:17:40:03,01:17:46:01,111843,111984,142,10,16,Auto,2,Sun Jul 22 17:43:28 2018,
THE_FLORIDA_PROJECT.mov,Y:\Films_converted,00:00:04:20,24.000,48000,2,1920 x 1080,Cineform HD,01:17:46:01,01:17:50:21,111985,112100,116,10,16,Auto,2,Sun Jul 22 17:43:28 2018,
THE_FLORIDA_PROJECT.mov,Y:\Films_converted,00:00:09:13,24.000,48000,2,1920 x 1080,Cineform HD,01:17:50:21,01:18:00:10,112101,112329,229,10,16,Auto,2,Sun Jul 22 17:43:28 2018,
THE_FLORIDA_PROJECT.mov,Y:\Films_converted,00:00:05:10,24.000,48000,2,1920 x 1080,Cineform HD,01:18:00:10,01:18:05:20,112330,112459,130,10,16,Auto,2,Sun Jul 22 17:43:28 2018,
THE_FLORIDA_PROJECT.mov,Y:\Films_converted,00:00:33:12,24.000,48000,2,1920 x 1080,Cineform HD,01:18:05:20,01:18:39:08,112460,113263,804,10,16,Auto,2,Sun Jul 22 17:43:28 2018,
THE_FLORIDA_PROJECT.mov,Y:\Films_converted,00:00:34:13,24.000,48000,2,1920 x 1080,Cineform HD,01:18:39:08,01:19:13:21,113264,114092,829,10,16,Auto,2,Sun Jul 22 17:43:28 2018,
THE_FLORIDA_PROJECT.mov,Y:\Films_converted,00:00:15:13,24.000,48000,2,1920 x 1080,Cineform HD,01:19:13:21,01:19:29:10,114093,114465,373,10,16,Auto,2,Sun Jul 22 17:43:28 2018,
THE_FLORIDA_PROJECT.mov,Y:\Films_converted,00:00:08:12,24.000,48000,2,1920 x 1080,Cineform HD,01:19:29:10,01:19:37:22,114466,114669,204,10,16,Auto,2,Sun Jul 22 17:43:28 2018,
THE_FLORIDA_PROJECT.mov,Y:\Films_converted,00:00:05:14,24.000,48000,2,1920 x 1080,Cineform HD,01:19:37:22,01:19:43:12,114670,114803,134,10,16,Auto,2,Sun Jul 22 17:43:28 2018,
THE_FLORIDA_PROJECT.mov,Y:\Films_converted,00:00:11:14,24.000,48000,2,1920 x 1080,Cineform HD,01:19:43:12,01:19:55:02,114804,115081,278,10,16,Auto,2,Sun Jul 22 17:43:28 2018,
THE_FLORIDA_PROJECT.mov,Y:\Films_converted,00:00:26:07,24.000,48000,2,1920 x 1080,Cineform HD,01:19:55:02,01:20:21:09,115082,115712,631,10,16,Auto,2,Sun Jul 22 17:43:28 2018,
THE_FLORIDA_PROJECT.mov,Y:\Films_converted,00:00:29:17,24.000,48000,2,1920 x 1080,Cineform HD,01:20:21:09,01:20:51:02,115713,116425,713,10,16,Auto,2,Sun Jul 22 17:43:28 2018,
THE_FLORIDA_PROJECT.mov,Y:\Films_converted,00:00:06:09,24.000,48000,2,1920 x 1080,Cineform HD,01:20:51:02,01:20:57:11,116426,116578,153,10,16,Auto,2,Sun Jul 22 17:43:28 2018,
THE_FLORIDA_PROJECT.mov,Y:\Films_converted,00:00:05:13,24.000,48000,2,1920 x 1080,Cineform HD,01:20:57:11,01:21:03:00,116579,116711,133,10,16,Auto,2,Sun Jul 22 17:43:28 2018,
THE_FLORIDA_PROJECT.mov,Y:\Films_converted,00:00:30:05,24.000,48000,2,1920 x 1080,Cineform HD,01:21:03:00,01:21:33:05,116712,117436,725,10,16,Auto,2,Sun Jul 22 17:43:28 2018,
THE_FLORIDA_PROJECT.mov,Y:\Films_converted,00:00:10:15,24.000,48000,2,1920 x 1080,Cineform HD,01:21:33:05,01:21:43:20,117437,117691,255,10,16,Auto,2,Sun Jul 22 17:43:28 2018,
THE_FLORIDA_PROJECT.mov,Y:\Films_converted,00:00:14:14,24.000,48000,2,1920 x 1080,Cineform HD,01:21:43:20,01:21:58:10,117692,118041,350,10,16,Auto,2,Sun Jul 22 17:43:28 2018,
THE_FLORIDA_PROJECT.mov,Y:\Films_converted,00:00:18:18,24.000,48000,2,1920 x 1080,Cineform HD,01:21:58:10,01:22:17:04,118042,118491,450,10,16,Auto,2,Sun Jul 22 17:43:28 2018,
THE_FLORIDA_PROJECT.mov,Y:\Films_converted,00:00:21:09,24.000,48000,2,1920 x 1080,Cineform HD,01:22:17:04,01:22:38:13,118492,119004,513,10,16,Auto,2,Sun Jul 22 17:43:28 2018,
THE_FLORIDA_PROJECT.mov,Y:\Films_converted,00:00:17:06,24.000,48000,2,1920 x 1080,Cineform HD,01:22:38:13,01:22:55:19,119005,119418,414,10,16,Auto,2,Sun Jul 22 17:43:28 2018,
THE_FLORIDA_PROJECT.mov,Y:\Films_converted,00:00:14:02,24.000,48000,2,1920 x 1080,Cineform HD,01:22:55:19,01:23:09:21,119419,119756,338,10,16,Auto,2,Sun Jul 22 17:43:28 2018,
THE_FLORIDA_PROJECT.mov,Y:\Films_converted,00:00:10:02,24.000,48000,2,1920 x 1080,Cineform HD,01:23:09:21,01:23:19:23,119757,119998,242,10,16,Auto,2,Sun Jul 22 17:43:28 2018,
THE_FLORIDA_PROJECT.mov,Y:\Films_converted,00:00:27:10,24.000,48000,2,1920 x 1080,Cineform HD,01:23:19:23,01:23:47:09,119999,120656,658,10,16,Auto,2,Sun Jul 22 17:43:28 2018,
THE_FLORIDA_PROJECT.mov,Y:\Films_converted,00:01:04:04,24.000,48000,2,1920 x 1080,Cineform HD,01:23:47:09,01:24:51:13,120657,122196,1540,10,16,Auto,2,Sun Jul 22 17:43:28 2018,
THE_FLORIDA_PROJECT.mov,Y:\Films_converted,00:00:47:18,24.000,48000,2,1920 x 1080,Cineform HD,01:24:51:13,01:25:39:07,122197,123342,1146,10,16,Auto,2,Sun Jul 22 17:43:28 2018,
THE_FLORIDA_PROJECT.mov,Y:\Films_converted,00:00:06:07,24.000,48000,2,1920 x 1080,Cineform HD,01:25:39:07,01:25:45:14,123343,123493,151,10,16,Auto,2,Sun Jul 22 17:43:28 2018,
THE_FLORIDA_PROJECT.mov,Y:\Films_converted,00:00:26:20,24.000,48000,2,1920 x 1080,Cineform HD,01:25:45:14,01:26:12:10,123494,124137,644,10,16,Auto,2,Sun Jul 22 17:43:28 2018,
THE_FLORIDA_PROJECT.mov,Y:\Films_converted,00:01:14:02,24.000,48000,2,1920 x 1080,Cineform HD,01:26:12:10,01:27:26:12,124138,125915,1778,10,16,Auto,2,Sun Jul 22 17:43:28 2018,
THE_FLORIDA_PROJECT.mov,Y:\Films_converted,00:00:03:13,24.000,48000,2,1920 x 1080,Cineform HD,01:27:26:12,01:27:30:01,125916,126000,85,10,16,Auto,2,Sun Jul 22 17:43:28 2018,
THE_FLORIDA_PROJECT.mov,Y:\Films_converted,00:00:22:21,24.000,48000,2,1920 x 1080,Cineform HD,01:27:30:01,01:27:52:22,126001,126549,549,10,16,Auto,2,Sun Jul 22 17:43:28 2018,
THE_FLORIDA_PROJECT.mov,Y:\Films_converted,00:00:13:10,24.000,48000,2,1920 x 1080,Cineform HD,01:27:52:22,01:28:06:08,126550,126871,322,10,16,Auto,2,Sun Jul 22 17:43:28 2018,
THE_FLORIDA_PROJECT.mov,Y:\Films_converted,00:00:27:02,24.000,48000,2,1920 x 1080,Cineform HD,01:28:06:08,01:28:33:10,126872,127521,650,10,16,Auto,2,Sun Jul 22 17:43:28 2018,
THE_FLORIDA_PROJECT.mov,Y:\Films_converted,00:00:32:09,24.000,48000,2,1920 x 1080,Cineform HD,01:28:33:10,01:29:05:19,127522,128298,777,10,16,Auto,2,Sun Jul 22 17:43:28 2018,
THE_FLORIDA_PROJECT.mov,Y:\Films_converted,00:00:12:00,24.000,48000,2,1920 x 1080,Cineform HD,01:29:05:19,01:29:17:19,128299,128586,288,10,16,Auto,2,Sun Jul 22 17:43:28 2018,
THE_FLORIDA_PROJECT.mov,Y:\Films_converted,00:00:09:02,24.000,48000,2,1920 x 1080,Cineform HD,01:29:17:19,01:29:26:21,128587,128804,218,10,16,Auto,2,Sun Jul 22 17:43:28 2018,
THE_FLORIDA_PROJECT.mov,Y:\Films_converted,00:00:26:10,24.000,48000,2,1920 x 1080,Cineform HD,01:29:26:21,01:29:53:07,128805,129438,634,10,16,Auto,2,Sun Jul 22 17:43:28 2018,
THE_FLORIDA_PROJECT.mov,Y:\Films_converted,00:00:13:18,24.000,48000,2,1920 x 1080,Cineform HD,01:29:53:07,01:30:07:01,129439,129768,330,10,16,Auto,2,Sun Jul 22 17:43:28 2018,
THE_FLORIDA_PROJECT.mov,Y:\Films_converted,00:00:18:04,24.000,48000,2,1920 x 1080,Cineform HD,01:30:07:01,01:30:25:05,129769,130204,436,10,16,Auto,2,Sun Jul 22 17:43:28 2018,
THE_FLORIDA_PROJECT.mov,Y:\Films_converted,00:00:10:21,24.000,48000,2,1920 x 1080,Cineform HD,01:30:25:05,01:30:36:02,130205,130465,261,10,16,Auto,2,Sun Jul 22 17:43:28 2018,
THE_FLORIDA_PROJECT.mov,Y:\Films_converted,00:00:43:10,24.000,48000,2,1920 x 1080,Cineform HD,01:30:36:02,01:31:19:12,130466,131507,1042,10,16,Auto,2,Sun Jul 22 17:43:28 2018,
THE_FLORIDA_PROJECT.mov,Y:\Films_converted,00:01:08:23,24.000,48000,2,1920 x 1080,Cineform HD,01:31:19:12,01:32:28:11,131508,133162,1655,10,16,Auto,2,Sun Jul 22 17:43:28 2018,
THE_FLORIDA_PROJECT.mov,Y:\Films_converted,00:00:12:02,24.000,48000,2,1920 x 1080,Cineform HD,01:32:28:11,01:32:40:13,133163,133452,290,10,16,Auto,2,Sun Jul 22 17:43:28 2018,
THE_FLORIDA_PROJECT.mov,Y:\Films_converted,00:00:04:17,24.000,48000,2,1920 x 1080,Cineform HD,01:32:40:13,01:32:45:06,133453,133565,113,10,16,Auto,2,Sun Jul 22 17:43:28 2018,
THE_FLORIDA_PROJECT.mov,Y:\Films_converted,00:00:05:18,24.000,48000,2,1920 x 1080,Cineform HD,01:32:45:06,01:32:51:00,133566,133703,138,10,16,Auto,2,Sun Jul 22 17:43:28 2018,
THE_FLORIDA_PROJECT.mov,Y:\Films_converted,00:00:06:23,24.000,48000,2,1920 x 1080,Cineform HD,01:32:51:00,01:32:57:23,133704,133870,167,10,16,Auto,2,Sun Jul 22 17:43:28 2018,
THE_FLORIDA_PROJECT.mov,Y:\Films_converted,00:00:12:20,24.000,48000,2,1920 x 1080,Cineform HD,01:32:57:23,01:33:10:19,133871,134178,308,10,16,Auto,2,Sun Jul 22 17:43:28 2018,
THE_FLORIDA_PROJECT.mov,Y:\Films_converted,00:00:03:03,24.000,48000,2,1920 x 1080,Cineform HD,01:33:10:19,01:33:13:22,134179,134253,75,10,16,Auto,2,Sun Jul 22 17:43:28 2018,
THE_FLORIDA_PROJECT.mov,Y:\Films_converted,00:00:05:12,24.000,48000,2,1920 x 1080,Cineform HD,01:33:13:22,01:33:19:10,134254,134385,132,10,16,Auto,2,Sun Jul 22 17:43:28 2018,
THE_FLORIDA_PROJECT.mov,Y:\Films_converted,00:00:06:16,24.000,48000,2,1920 x 1080,Cineform HD,01:33:19:10,01:33:26:02,134386,134545,160,10,16,Auto,2,Sun Jul 22 17:43:28 2018,
THE_FLORIDA_PROJECT.mov,Y:\Films_converted,00:00:03:04,24.000,48000,2,1920 x 1080,Cineform HD,01:33:26:02,01:33:29:06,134546,134621,76,10,16,Auto,2,Sun Jul 22 17:43:28 2018,
THE_FLORIDA_PROJECT.mov,Y:\Films_converted,00:00:11:11,24.000,48000,2,1920 x 1080,Cineform HD,01:33:29:06,01:33:40:17,134622,134896,275,10,16,Auto,2,Sun Jul 22 17:43:28 2018,
THE_FLORIDA_PROJECT.mov,Y:\Films_converted,00:00:03:16,24.000,48000,2,1920 x 1080,Cineform HD,01:33:40:17,01:33:44:09,134897,134984,88,10,16,Auto,2,Sun Jul 22 17:43:28 2018,
THE_FLORIDA_PROJECT.mov,Y:\Films_converted,00:00:11:06,24.000,48000,2,1920 x 1080,Cineform HD,01:33:44:09,01:33:55:15,134985,135254,270,10,16,Auto,2,Sun Jul 22 17:43:28 2018,
THE_FLORIDA_PROJECT.mov,Y:\Films_converted,00:00:07:12,24.000,48000,2,1920 x 1080,Cineform HD,01:33:55:15,01:34:03:03,135255,135434,180,10,16,Auto,2,Sun Jul 22 17:43:28 2018,
THE_FLORIDA_PROJECT.mov,Y:\Films_converted,00:00:05:13,24.000,48000,2,1920 x 1080,Cineform HD,01:34:03:03,01:34:08:16,135435,135567,133,10,16,Auto,2,Sun Jul 22 17:43:28 2018,
THE_FLORIDA_PROJECT.mov,Y:\Films_converted,00:00:02:17,24.000,48000,2,1920 x 1080,Cineform HD,01:34:08:16,01:34:11:09,135568,135632,65,10,16,Auto,2,Sun Jul 22 17:43:28 2018,
THE_FLORIDA_PROJECT.mov,Y:\Films_converted,00:00:04:12,24.000,48000,2,1920 x 1080,Cineform HD,01:34:11:09,01:34:15:21,135633,135740,108,10,16,Auto,2,Sun Jul 22 17:43:28 2018,
THE_FLORIDA_PROJECT.mov,Y:\Films_converted,00:00:04:03,24.000,48000,2,1920 x 1080,Cineform HD,01:34:15:21,01:34:20:00,135741,135839,99,10,16,Auto,2,Sun Jul 22 17:43:28 2018,
THE_FLORIDA_PROJECT.mov,Y:\Films_converted,00:00:05:10,24.000,48000,2,1920 x 1080,Cineform HD,01:34:20:00,01:34:25:10,135840,135969,130,10,16,Auto,2,Sun Jul 22 17:43:28 2018,
THE_FLORIDA_PROJECT.mov,Y:\Films_converted,00:00:05:09,24.000,48000,2,1920 x 1080,Cineform HD,01:34:25:10,01:34:30:19,135970,136098,129,10,16,Auto,2,Sun Jul 22 17:43:28 2018,
THE_FLORIDA_PROJECT.mov,Y:\Films_converted,00:00:09:22,24.000,48000,2,1920 x 1080,Cineform HD,01:34:30:19,01:34:40:17,136099,136336,238,10,16,Auto,2,Sun Jul 22 17:43:28 2018,
THE_FLORIDA_PROJECT.mov,Y:\Films_converted,00:00:07:20,24.000,48000,2,1920 x 1080,Cineform HD,01:34:40:17,01:34:48:13,136337,136524,188,10,16,Auto,2,Sun Jul 22 17:43:28 2018,
THE_FLORIDA_PROJECT.mov,Y:\Films_converted,00:00:01:16,24.000,48000,2,1920 x 1080,Cineform HD,01:34:48:13,01:34:50:05,136525,136564,40,10,16,Auto,2,Sun Jul 22 17:43:28 2018,
THE_FLORIDA_PROJECT.mov,Y:\Films_converted,00:00:08:02,24.000,48000,2,1920 x 1080,Cineform HD,01:34:50:05,01:34:58:07,136565,136758,194,10,16,Auto,2,Sun Jul 22 17:43:28 2018,
THE_FLORIDA_PROJECT.mov,Y:\Films_converted,00:00:10:00,24.000,48000,2,1920 x 1080,Cineform HD,01:34:58:07,01:35:08:07,136759,136998,240,10,16,Auto,2,Sun Jul 22 17:43:28 2018,
THE_FLORIDA_PROJECT.mov,Y:\Films_converted,00:00:02:11,24.000,48000,2,1920 x 1080,Cineform HD,01:35:08:07,01:35:10:18,136999,137057,59,10,16,Auto,2,Sun Jul 22 17:43:28 2018,
THE_FLORIDA_PROJECT.mov,Y:\Films_converted,00:00:27:05,24.000,48000,2,1920 x 1080,Cineform HD,01:35:10:18,01:35:37:23,137058,137710,653,10,16,Auto,2,Sun Jul 22 17:43:28 2018,
THE_FLORIDA_PROJECT.mov,Y:\Films_converted,00:00:28:00,24.000,48000,2,1920 x 1080,Cineform HD,01:35:37:23,01:36:05:23,137711,138382,672,10,16,Auto,2,Sun Jul 22 17:43:28 2018,
THE_FLORIDA_PROJECT.mov,Y:\Films_converted,00:00:04:17,24.000,48000,2,1920 x 1080,Cineform HD,01:36:05:23,01:36:10:16,138383,138495,113,10,16,Auto,2,Sun Jul 22 17:43:28 2018,
THE_FLORIDA_PROJECT.mov,Y:\Films_converted,00:00:39:22,24.000,48000,2,1920 x 1080,Cineform HD,01:36:10:16,01:36:50:14,138496,139453,958,10,16,Auto,2,Sun Jul 22 17:43:28 2018,
THE_FLORIDA_PROJECT.mov,Y:\Films_converted,00:01:27:20,24.000,48000,2,1920 x 1080,Cineform HD,01:36:50:14,01:38:18:10,139454,141561,2108,10,16,Auto,2,Sun Jul 22 17:43:28 2018,
THE_FLORIDA_PROJECT.mov,Y:\Films_converted,00:00:04:00,24.000,48000,2,1920 x 1080,Cineform HD,01:38:18:10,01:38:22:10,141562,141657,96,10,16,Auto,2,Sun Jul 22 17:43:28 2018,
THE_FLORIDA_PROJECT.mov,Y:\Films_converted,00:00:05:03,24.000,48000,2,1920 x 1080,Cineform HD,01:38:22:10,01:38:27:13,141658,141780,123,10,16,Auto,2,Sun Jul 22 17:43:28 2018,
THE_FLORIDA_PROJECT.mov,Y:\Films_converted,00:00:12:02,24.000,48000,2,1920 x 1080,Cineform HD,01:38:27:13,01:38:39:15,141781,142070,290,10,16,Auto,2,Sun Jul 22 17:43:28 2018,
THE_FLORIDA_PROJECT.mov,Y:\Films_converted,00:00:05:20,24.000,48000,2,1920 x 1080,Cineform HD,01:38:39:15,01:38:45:11,142071,142210,140,10,16,Auto,2,Sun Jul 22 17:43:28 2018,
THE_FLORIDA_PROJECT.mov,Y:\Films_converted,00:00:18:03,24.000,48000,2,1920 x 1080,Cineform HD,01:38:45:11,01:39:03:14,142211,142645,435,10,16,Auto,2,Sun Jul 22 17:43:28 2018,
THE_FLORIDA_PROJECT.mov,Y:\Films_converted,00:00:06:11,24.000,48000,2,1920 x 1080,Cineform HD,01:39:03:14,01:39:10:01,142646,142800,155,10,16,Auto,2,Sun Jul 22 17:43:28 2018,
THE_FLORIDA_PROJECT.mov,Y:\Films_converted,00:00:09:23,24.000,48000,2,1920 x 1080,Cineform HD,01:39:10:01,01:39:20:00,142801,143039,239,10,16,Auto,2,Sun Jul 22 17:43:28 2018,
THE_FLORIDA_PROJECT.mov,Y:\Films_converted,00:00:04:06,24.000,48000,2,1920 x 1080,Cineform HD,01:39:20:00,01:39:24:06,143040,143141,102,10,16,Auto,2,Sun Jul 22 17:43:28 2018,
THE_FLORIDA_PROJECT.mov,Y:\Films_converted,00:00:03:14,24.000,48000,2,1920 x 1080,Cineform HD,01:39:24:06,01:39:27:20,143142,143227,86,10,16,Auto,2,Sun Jul 22 17:43:28 2018,
THE_FLORIDA_PROJECT.mov,Y:\Films_converted,00:00:06:23,24.000,48000,2,1920 x 1080,Cineform HD,01:39:27:20,01:39:34:19,143228,143394,167,10,16,Auto,2,Sun Jul 22 17:43:28 2018,
THE_FLORIDA_PROJECT.mov,Y:\Films_converted,00:00:27:12,24.000,48000,2,1920 x 1080,Cineform HD,01:39:34:19,01:40:02:07,143395,144054,660,10,16,Auto,2,Sun Jul 22 17:43:28 2018,
THE_FLORIDA_PROJECT.mov,Y:\Films_converted,00:00:10:09,24.000,48000,2,1920 x 1080,Cineform HD,01:40:02:07,01:40:12:16,144055,144303,249,10,16,Auto,2,Sun Jul 22 17:43:28 2018,
THE_FLORIDA_PROJECT.mov,Y:\Films_converted,00:00:07:18,24.000,48000,2,1920 x 1080,Cineform HD,01:40:12:16,01:40:20:10,144304,144489,186,10,16,Auto,2,Sun Jul 22 17:43:28 2018,
THE_FLORIDA_PROJECT.mov,Y:\Films_converted,00:00:06:14,24.000,48000,2,1920 x 1080,Cineform HD,01:40:20:10,01:40:27:00,144490,144647,158,10,16,Auto,2,Sun Jul 22 17:43:28 2018,
THE_FLORIDA_PROJECT.mov,Y:\Films_converted,00:00:09:18,24.000,48000,2,1920 x 1080,Cineform HD,01:40:27:00,01:40:36:18,144648,144881,234,10,16,Auto,2,Sun Jul 22 17:43:28 2018,
THE_FLORIDA_PROJECT.mov,Y:\Films_converted,00:00:10:08,24.000,48000,2,1920 x 1080,Cineform HD,01:40:36:18,01:40:47:02,144882,145129,248,10,16,Auto,2,Sun Jul 22 17:43:28 2018,
THE_FLORIDA_PROJECT.mov,Y:\Films_converted,00:00:05:17,24.000,48000,2,1920 x 1080,Cineform HD,01:40:47:02,01:40:52:19,145130,145266,137,10,16,Auto,2,Sun Jul 22 17:43:28 2018,
THE_FLORIDA_PROJECT.mov,Y:\Films_converted,00:00:10:01,24.000,48000,2,1920 x 1080,Cineform HD,01:40:52:19,01:41:02:20,145267,145507,241,10,16,Auto,2,Sun Jul 22 17:43:28 2018,
THE_FLORIDA_PROJECT.mov,Y:\Films_converted,00:00:04:04,24.000,48000,2,1920 x 1080,Cineform HD,01:41:02:20,01:41:07:00,145508,145607,100,10,16,Auto,2,Sun Jul 22 17:43:28 2018,
THE_FLORIDA_PROJECT.mov,Y:\Films_converted,00:00:09:19,24.000,48000,2,1920 x 1080,Cineform HD,01:41:07:00,01:41:16:19,145608,145842,235,10,16,Auto,2,Sun Jul 22 17:43:28 2018,
THE_FLORIDA_PROJECT.mov,Y:\Films_converted,00:00:07:06,24.000,48000,2,1920 x 1080,Cineform HD,01:41:16:19,01:41:24:01,145843,146016,174,10,16,Auto,2,Sun Jul 22 17:43:28 2018,
THE_FLORIDA_PROJECT.mov,Y:\Films_converted,00:00:04:10,24.000,48000,2,1920 x 1080,Cineform HD,01:41:24:01,01:41:28:11,146017,146122,106,10,16,Auto,2,Sun Jul 22 17:43:28 2018,
THE_FLORIDA_PROJECT.mov,Y:\Films_converted,00:00:09:14,24.000,48000,2,1920 x 1080,Cineform HD,01:41:28:11,01:41:38:01,146123,146352,230,10,16,Auto,2,Sun Jul 22 17:43:28 2018,
THE_FLORIDA_PROJECT.mov,Y:\Films_converted,00:00:05:03,24.000,48000,2,1920 x 1080,Cineform HD,01:41:38:01,01:41:43:04,146353,146475,123,10,16,Auto,2,Sun Jul 22 17:43:28 2018,
THE_FLORIDA_PROJECT.mov,Y:\Films_converted,00:00:07:12,24.000,48000,2,1920 x 1080,Cineform HD,01:41:43:04,01:41:50:16,146476,146655,180,10,16,Auto,2,Sun Jul 22 17:43:28 2018,
THE_FLORIDA_PROJECT.mov,Y:\Films_converted,00:00:13:08,24.000,48000,2,1920 x 1080,Cineform HD,01:41:50:16,01:42:04:00,146656,146975,320,10,16,Auto,2,Sun Jul 22 17:43:28 2018,
THE_FLORIDA_PROJECT.mov,Y:\Films_converted,00:00:03:22,24.000,48000,2,1920 x 1080,Cineform HD,01:42:04:00,01:42:07:22,146976,147069,94,10,16,Auto,2,Sun Jul 22 17:43:28 2018,
THE_FLORIDA_PROJECT.mov,Y:\Films_converted,00:00:05:07,24.000,48000,2,1920 x 1080,Cineform HD,01:42:07:22,01:42:13:05,147070,147196,127,10,16,Auto,2,Sun Jul 22 17:43:28 2018,
THE_FLORIDA_PROJECT.mov,Y:\Films_converted,00:00:19:15,24.000,48000,2,1920 x 1080,Cineform HD,01:42:13:05,01:42:32:20,147197,147667,471,10,16,Auto,2,Sun Jul 22 17:43:28 2018,
THE_FLORIDA_PROJECT.mov,Y:\Films_converted,00:00:06:01,24.000,48000,2,1920 x 1080,Cineform HD,01:42:32:20,01:42:38:21,147668,147812,145,10,16,Auto,2,Sun Jul 22 17:43:28 2018,
THE_FLORIDA_PROJECT.mov,Y:\Films_converted,00:00:02:01,24.000,48000,2,1920 x 1080,Cineform HD,01:42:38:21,01:42:40:22,147813,147861,49,10,16,Auto,2,Sun Jul 22 17:43:28 2018,
THE_FLORIDA_PROJECT.mov,Y:\Films_converted,00:00:05:11,24.000,48000,2,1920 x 1080,Cineform HD,01:42:40:22,01:42:46:09,147862,147992,131,10,16,Auto,2,Sun Jul 22 17:43:28 2018,
THE_FLORIDA_PROJECT.mov,Y:\Films_converted,00:00:14:11,24.000,48000,2,1920 x 1080,Cineform HD,01:42:46:09,01:43:00:20,147993,148339,347,10,16,Auto,2,Sun Jul 22 17:43:28 2018,
THE_FLORIDA_PROJECT.mov,Y:\Films_converted,00:00:03:20,24.000,48000,2,1920 x 1080,Cineform HD,01:43:00:20,01:43:04:16,148340,148431,92,10,16,Auto,2,Sun Jul 22 17:43:28 2018,
THE_FLORIDA_PROJECT.mov,Y:\Films_converted,00:00:04:20,24.000,48000,2,1920 x 1080,Cineform HD,01:43:04:16,01:43:09:12,148432,148547,116,10,16,Auto,2,Sun Jul 22 17:43:28 2018,
THE_FLORIDA_PROJECT.mov,Y:\Films_converted,00:00:06:13,24.000,48000,2,1920 x 1080,Cineform HD,01:43:09:12,01:43:16:01,148548,148704,157,10,16,Auto,2,Sun Jul 22 17:43:28 2018,
THE_FLORIDA_PROJECT.mov,Y:\Films_converted,00:00:08:12,24.000,48000,2,1920 x 1080,Cineform HD,01:43:16:01,01:43:24:13,148705,148908,204,10,16,Auto,2,Sun Jul 22 17:43:28 2018,
THE_FLORIDA_PROJECT.mov,Y:\Films_converted,00:00:04:01,24.000,48000,2,1920 x 1080,Cineform HD,01:43:24:13,01:43:28:14,148909,149005,97,10,16,Auto,2,Sun Jul 22 17:43:28 2018,
THE_FLORIDA_PROJECT.mov,Y:\Films_converted,00:00:06:15,24.000,48000,2,1920 x 1080,Cineform HD,01:43:28:14,01:43:35:05,149006,149164,159,10,16,Auto,2,Sun Jul 22 17:43:28 2018,
THE_FLORIDA_PROJECT.mov,Y:\Films_converted,00:00:06:13,24.000,48000,2,1920 x 1080,Cineform HD,01:43:35:05,01:43:41:18,149165,149321,157,10,16,Auto,2,Sun Jul 22 17:43:28 2018,
THE_FLORIDA_PROJECT.mov,Y:\Films_converted,00:00:03:10,24.000,48000,2,1920 x 1080,Cineform HD,01:43:41:18,01:43:45:04,149322,149403,82,10,16,Auto,2,Sun Jul 22 17:43:28 2018,
THE_FLORIDA_PROJECT.mov,Y:\Films_converted,00:00:09:14,24.000,48000,2,1920 x 1080,Cineform HD,01:43:45:04,01:43:54:18,149404,149633,230,10,16,Auto,2,Sun Jul 22 17:43:28 2018,
THE_FLORIDA_PROJECT.mov,Y:\Films_converted,00:00:05:00,24.000,48000,2,1920 x 1080,Cineform HD,01:43:54:18,01:43:59:18,149634,149753,120,10,16,Auto,2,Sun Jul 22 17:43:28 2018,
THE_FLORIDA_PROJECT.mov,Y:\Films_converted,00:00:04:02,24.000,48000,2,1920 x 1080,Cineform HD,01:43:59:18,01:44:03:20,149754,149851,98,10,16,Auto,2,Sun Jul 22 17:43:28 2018,
THE_FLORIDA_PROJECT.mov,Y:\Films_converted,00:00:03:02,24.000,48000,2,1920 x 1080,Cineform HD,01:44:03:20,01:44:06:22,149852,149925,74,10,16,Auto,2,Sun Jul 22 17:43:28 2018,
THE_FLORIDA_PROJECT.mov,Y:\Films_converted,00:00:09:07,24.000,48000,2,1920 x 1080,Cineform HD,01:44:06:22,01:44:16:05,149926,150148,223,10,16,Auto,2,Sun Jul 22 17:43:28 2018,
THE_FLORIDA_PROJECT.mov,Y:\Films_converted,00:00:02:23,24.000,48000,2,1920 x 1080,Cineform HD,01:44:16:05,01:44:19:04,150149,150219,71,10,16,Auto,2,Sun Jul 22 17:43:28 2018,
THE_FLORIDA_PROJECT.mov,Y:\Films_converted,00:00:10:10,24.000,48000,2,1920 x 1080,Cineform HD,01:44:19:04,01:44:29:14,150220,150469,250,10,16,Auto,2,Sun Jul 22 17:43:28 2018,
THE_FLORIDA_PROJECT.mov,Y:\Films_converted,00:00:02:04,24.000,48000,2,1920 x 1080,Cineform HD,01:44:29:14,01:44:31:18,150470,150521,52,10,16,Auto,2,Sun Jul 22 17:43:28 2018,
THE_FLORIDA_PROJECT.mov,Y:\Films_converted,00:00:02:06,24.000,48000,2,1920 x 1080,Cineform HD,01:44:31:18,01:44:34:00,150522,150575,54,10,16,Auto,2,Sun Jul 22 17:43:28 2018,
THE_FLORIDA_PROJECT.mov,Y:\Films_converted,00:00:02:23,24.000,48000,2,1920 x 1080,Cineform HD,01:44:34:00,01:44:36:23,150576,150646,71,10,16,Auto,2,Sun Jul 22 17:43:28 2018,
THE_FLORIDA_PROJECT.mov,Y:\Films_converted,00:00:01:21,24.000,48000,2,1920 x 1080,Cineform HD,01:44:36:23,01:44:38:20,150647,150691,45,10,16,Auto,2,Sun Jul 22 17:43:28 2018,
THE_FLORIDA_PROJECT.mov,Y:\Films_converted,00:00:04:03,24.000,48000,2,1920 x 1080,Cineform HD,01:44:38:20,01:44:42:23,150692,150790,99,10,16,Auto,2,Sun Jul 22 17:43:28 2018,
THE_FLORIDA_PROJECT.mov,Y:\Films_converted,00:00:04:00,24.000,48000,2,1920 x 1080,Cineform HD,01:44:42:23,01:44:46:23,150791,150886,96,10,16,Auto,2,Sun Jul 22 17:43:28 2018,
THE_FLORIDA_PROJECT.mov,Y:\Films_converted,00:00:01:03,24.000,48000,2,1920 x 1080,Cineform HD,01:44:46:23,01:44:48:02,150887,150913,27,10,16,Auto,2,Sun Jul 22 17:43:28 2018,
THE_FLORIDA_PROJECT.mov,Y:\Films_converted,00:00:01:18,24.000,48000,2,1920 x 1080,Cineform HD,01:44:48:02,01:44:49:20,150914,150955,42,10,16,Auto,2,Sun Jul 22 17:43:28 2018,
THE_FLORIDA_PROJECT.mov,Y:\Films_converted,00:00:01:19,24.000,48000,2,1920 x 1080,Cineform HD,01:44:49:20,01:44:51:15,150956,150998,43,10,16,Auto,2,Sun Jul 22 17:43:28 2018,
THE_FLORIDA_PROJECT.mov,Y:\Films_converted,00:00:04:09,24.000,48000,2,1920 x 1080,Cineform HD,01:44:51:15,01:44:56:00,150999,151103,105,10,16,Auto,2,Sun Jul 22 17:43:28 2018,
THE_FLORIDA_PROJECT.mov,Y:\Films_converted,00:00:03:02,24.000,48000,2,1920 x 1080,Cineform HD,01:44:56:00,01:44:59:02,151104,151177,74,10,16,Auto,2,Sun Jul 22 17:43:28 2018,
THE_FLORIDA_PROJECT.mov,Y:\Films_converted,00:00:02:00,24.000,48000,2,1920 x 1080,Cineform HD,01:44:59:02,01:45:01:02,151178,151225,48,10,16,Auto,2,Sun Jul 22 17:43:28 2018,
THE_FLORIDA_PROJECT.mov,Y:\Films_converted,00:00:02:16,24.000,48000,2,1920 x 1080,Cineform HD,01:45:01:02,01:45:03:18,151226,151289,64,10,16,Auto,2,Sun Jul 22 17:43:28 2018,
THE_FLORIDA_PROJECT.mov,Y:\Films_converted,00:00:02:05,24.000,48000,2,1920 x 1080,Cineform HD,01:45:03:18,01:45:05:23,151290,151342,53,10,16,Auto,2,Sun Jul 22 17:43:28 2018,
THE_FLORIDA_PROJECT.mov,Y:\Films_converted,00:00:01:15,24.000,48000,2,1920 x 1080,Cineform HD,01:45:05:23,01:45:07:14,151343,151381,39,10,16,Auto,2,Sun Jul 22 17:43:28 2018,
THE_FLORIDA_PROJECT.mov,Y:\Films_converted,00:00:02:11,24.000,48000,2,1920 x 1080,Cineform HD,01:45:07:14,01:45:10:01,151382,151440,59,10,16,Auto,2,Sun Jul 22 17:43:28 2018,
THE_FLORIDA_PROJECT.mov,Y:\Films_converted,00:00:02:22,24.000,48000,2,1920 x 1080,Cineform HD,01:45:10:01,01:45:12:23,151441,151510,70,10,16,Auto,2,Sun Jul 22 17:43:28 2018,
THE_FLORIDA_PROJECT.mov,Y:\Films_converted,00:00:02:00,24.000,48000,2,1920 x 1080,Cineform HD,01:45:12:23,01:45:14:23,151511,151558,48,10,16,Auto,2,Sun Jul 22 17:43:28 2018,
THE_FLORIDA_PROJECT.mov,Y:\Films_converted,00:00:03:22,24.000,48000,2,1920 x 1080,Cineform HD,01:45:14:23,01:45:18:21,151559,151652,94,10,16,Auto,2,Sun Jul 22 17:43:28 2018,
THE_FLORIDA_PROJECT.mov,Y:\Films_converted,00:00:02:17,24.000,48000,2,1920 x 1080,Cineform HD,01:45:18:21,01:45:21:14,151653,151717,65,10,16,Auto,2,Sun Jul 22 17:43:28 2018,
THE_FLORIDA_PROJECT.mov,Y:\Films_converted,00:00:04:03,24.000,48000,2,1920 x 1080,Cineform HD,01:45:21:14,01:45:25:17,151718,151816,99,10,16,Auto,2,Sun Jul 22 17:43:28 2018,
THE_FLORIDA_PROJECT.mov,Y:\Films_converted,00:00:15:06,24.000,48000,2,1920 x 1080,Cineform HD,01:45:25:17,01:45:40:23,151817,152182,366,10,16,Auto,2,Sun Jul 22 17:43:28 2018,
THE_FLORIDA_PROJECT.mov,Y:\Films_converted,00:00:11:17,24.000,48000,2,1920 x 1080,Cineform HD,01:45:40:23,01:45:52:16,152183,152463,281,10,16,Auto,2,Sun Jul 22 17:43:28 2018,
THE_FLORIDA_PROJECT.mov,Y:\Films_converted,00:00:04:23,24.000,48000,2,1920 x 1080,Cineform HD,01:45:52:16,01:45:57:15,152464,152582,119,10,16,Auto,2,Sun Jul 22 17:43:28 2018,
THE_FLORIDA_PROJECT.mov,Y:\Films_converted,00:00:03:03,24.000,48000,2,1920 x 1080,Cineform HD,01:45:57:15,01:46:00:18,152583,152657,75,10,16,Auto,2,Sun Jul 22 17:43:28 2018,
THE_FLORIDA_PROJECT.mov,Y:\Films_converted,00:00:03:12,24.000,48000,2,1920 x 1080,Cineform HD,01:46:00:18,01:46:04:06,152658,152741,84,10,16,Auto,2,Sun Jul 22 17:43:28 2018,
THE_FLORIDA_PROJECT.mov,Y:\Films_converted,00:00:02:07,24.000,48000,2,1920 x 1080,Cineform HD,01:46:04:06,01:46:06:13,152742,152796,55,10,16,Auto,2,Sun Jul 22 17:43:28 2018,
THE_FLORIDA_PROJECT.mov,Y:\Films_converted,00:00:03:01,24.000,48000,2,1920 x 1080,Cineform HD,01:46:06:13,01:46:09:14,152797,152869,73,10,16,Auto,2,Sun Jul 22 17:43:28 2018,
THE_FLORIDA_PROJECT.mov,Y:\Films_converted,00:00:04:22,24.000,48000,2,1920 x 1080,Cineform HD,01:46:09:14,01:46:14:12,152870,152987,118,10,16,Auto,2,Sun Jul 22 17:43:28 2018,
THE_FLORIDA_PROJECT.mov,Y:\Films_converted,00:00:10:01,24.000,48000,2,1920 x 1080,Cineform HD,01:46:14:12,01:46:24:13,152988,153228,241,10,16,Auto,2,Sun Jul 22 17:43:28 2018,
THE_FLORIDA_PROJECT.mov,Y:\Films_converted,00:00:03:17,24.000,48000,2,1920 x 1080,Cineform HD,01:46:24:13,01:46:28:06,153229,153317,89,10,16,Auto,2,Sun Jul 22 17:43:28 2018,
THE_FLORIDA_PROJECT.mov,Y:\Films_converted,00:00:03:17,24.000,48000,2,1920 x 1080,Cineform HD,01:46:28:06,01:46:31:23,153318,153406,89,10,16,Auto,2,Sun Jul 22 17:43:28 2018,
THE_FLORIDA_PROJECT.mov,Y:\Films_converted,00:00:21:18,24.000,48000,2,1920 x 1080,Cineform HD,01:46:31:23,01:46:53:17,153407,153928,522,10,16,Auto,2,Sun Jul 22 17:43:28 2018,
THE_FLORIDA_PROJECT.mov,Y:\Films_converted,00:00:05:07,24.000,48000,2,1920 x 1080,Cineform HD,01:46:53:17,01:46:59:00,153929,154055,127,10,16,Auto,2,Sun Jul 22 17:43:28 2018,
THE_FLORIDA_PROJECT.mov,Y:\Films_converted,00:00:03:13,24.000,48000,2,1920 x 1080,Cineform HD,01:46:59:00,01:47:02:13,154056,154140,85,10,16,Auto,2,Sun Jul 22 17:43:28 2018,
THE_FLORIDA_PROJECT.mov,Y:\Films_converted,00:00:03:18,24.000,48000,2,1920 x 1080,Cineform HD,01:47:02:13,01:47:06:07,154141,154230,90,10,16,Auto,2,Sun Jul 22 17:43:28 2018,
THE_FLORIDA_PROJECT.mov,Y:\Films_converted,00:00:21:03,24.000,48000,2,1920 x 1080,Cineform HD,01:47:06:07,01:47:27:10,154231,154737,507,10,16,Auto,2,Sun Jul 22 17:43:28 2018,
THE_FLORIDA_PROJECT.mov,Y:\Films_converted,00:00:03:07,24.000,48000,2,1920 x 1080,Cineform HD,01:47:27:10,01:47:30:17,154738,154816,79,10,16,Auto,2,Sun Jul 22 17:43:28 2018,
THE_FLORIDA_PROJECT.mov,Y:\Films_converted,00:00:05:01,24.000,48000,2,1920 x 1080,Cineform HD,01:47:30:17,01:47:35:18,154817,154937,121,10,16,Auto,2,Sun Jul 22 17:43:28 2018,
THE_FLORIDA_PROJECT.mov,Y:\Films_converted,00:00:02:11,24.000,48000,2,1920 x 1080,Cineform HD,01:47:35:18,01:47:38:05,154938,154996,59,10,16,Auto,2,Sun Jul 22 17:43:28 2018,
THE_FLORIDA_PROJECT.mov,Y:\Films_converted,00:00:03:16,24.000,48000,2,1920 x 1080,Cineform HD,01:47:38:05,01:47:41:21,154997,155084,88,10,16,Auto,2,Sun Jul 22 17:43:28 2018,
THE_FLORIDA_PROJECT.mov,Y:\Films_converted,00:00:04:13,24.000,48000,2,1920 x 1080,Cineform HD,01:47:41:21,01:47:46:10,155085,155193,109,10,16,Auto,2,Sun Jul 22 17:43:28 2018,
THE_FLORIDA_PROJECT.mov,Y:\Films_converted,00:00:02:23,24.000,48000,2,1920 x 1080,Cineform HD,01:47:46:10,01:47:49:09,155194,155264,71,10,16,Auto,2,Sun Jul 22 17:43:28 2018,
THE_FLORIDA_PROJECT.mov,Y:\Films_converted,00:00:03:06,24.000,48000,2,1920 x 1080,Cineform HD,01:47:49:09,01:47:52:15,155265,155342,78,10,16,Auto,2,Sun Jul 22 17:43:28 2018,
THE_FLORIDA_PROJECT.mov,Y:\Films_converted,00:00:01:17,24.000,48000,2,1920 x 1080,Cineform HD,01:47:52:15,01:47:54:08,155343,155383,41,10,16,Auto,2,Sun Jul 22 17:43:28 2018,
THE_FLORIDA_PROJECT.mov,Y:\Films_converted,00:00:01:16,24.000,48000,2,1920 x 1080,Cineform HD,01:47:54:08,01:47:56:00,155384,155423,40,10,16,Auto,2,Sun Jul 22 17:43:28 2018,
THE_FLORIDA_PROJECT.mov,Y:\Films_converted,00:00:03:18,24.000,48000,2,1920 x 1080,Cineform HD,01:47:56:00,01:47:59:18,155424,155513,90,10,16,Auto,2,Sun Jul 22 17:43:28 2018,
THE_FLORIDA_PROJECT.mov,Y:\Films_converted,00:00:31:01,24.000,48000,2,1920 x 1080,Cineform HD,01:47:59:18,01:48:30:19,155514,156258,745,10,16,Auto,2,Sun Jul 22 17:43:28 2018,
,,,,,,,,,,,,,,,,,,
